month,country,currency,channel,spend_usd
2023-01,US,USD,Facebook,5111.41
2023-01,US,USD,Google,4710.95
2023-01,US,USD,Email,885.38
2023-01,US,USD,Affiliate,1444.95
2023-01,US,USD,TikTok,291.57
2023-01,US,USD,Organic,517.99
2023-01,CA,CAD,Facebook,0.0
2023-01,CA,CAD,Google,457.18
2023-01,CA,CAD,Email,709.63
2023-01,CA,CAD,Affiliate,1392.25
2023-01,CA,CAD,TikTok,733.13
2023-01,CA,CAD,Organic,1155.87
2023-01,GB,GBP,Facebook,242.58
2023-01,GB,GBP,Google,581.44
2023-01,GB,GBP,Email,775.63
2023-01,GB,GBP,Affiliate,1693.59
2023-01,GB,GBP,TikTok,393.38
2023-01,GB,GBP,Organic,944.71
2023-01,AU,AUD,Facebook,672.06
2023-01,AU,AUD,Google,579.93
2023-01,AU,AUD,Email,917.35
2023-01,AU,AUD,Affiliate,1162.41
2023-01,AU,AUD,TikTok,1146.04
2023-01,AU,AUD,Organic,762.54
2023-01,DE,EUR,Facebook,718.87
2023-01,DE,EUR,Google,764.17
2023-01,DE,EUR,Email,782.05
2023-01,DE,EUR,Affiliate,533.61
2023-01,DE,EUR,TikTok,219.6
2023-01,DE,EUR,Organic,962.63
2023-01,FR,EUR,Facebook,1766.71
2023-01,FR,EUR,Google,604.87
2023-01,FR,EUR,Email,238.94
2023-01,FR,EUR,Affiliate,350.66
2023-01,FR,EUR,TikTok,923.87
2023-01,FR,EUR,Organic,1274.07
2023-01,ES,EUR,Facebook,504.03
2023-01,ES,EUR,Google,1487.76
2023-01,ES,EUR,Email,313.97
2023-01,ES,EUR,Affiliate,0.0
2023-01,ES,EUR,TikTok,636.04
2023-01,ES,EUR,Organic,832.17
2023-01,IT,EUR,Facebook,387.06
2023-01,IT,EUR,Google,0.0
2023-01,IT,EUR,Email,1223.2
2023-01,IT,EUR,Affiliate,1079.91
2023-01,IT,EUR,TikTok,1155.61
2023-01,IT,EUR,Organic,927.23
2023-01,MX,MXN,Facebook,598.06
2023-01,MX,MXN,Google,1213.04
2023-01,MX,MXN,Email,891.03
2023-01,MX,MXN,Affiliate,1036.35
2023-01,MX,MXN,TikTok,1423.24
2023-01,MX,MXN,Organic,1072.48
2023-01,BR,USD,Facebook,806.64
2023-01,BR,USD,Google,1021.06
2023-01,BR,USD,Email,214.18
2023-01,BR,USD,Affiliate,755.6
2023-01,BR,USD,TikTok,703.36
2023-01,BR,USD,Organic,1162.57
2023-02,US,USD,Facebook,0.0
2023-02,US,USD,Google,3978.75
2023-02,US,USD,Email,699.26
2023-02,US,USD,Affiliate,3324.13
2023-02,US,USD,TikTok,728.13
2023-02,US,USD,Organic,1413.04
2023-02,CA,CAD,Facebook,1302.01
2023-02,CA,CAD,Google,1169.18
2023-02,CA,CAD,Email,1017.41
2023-02,CA,CAD,Affiliate,838.06
2023-02,CA,CAD,TikTok,1078.63
2023-02,CA,CAD,Organic,688.57
2023-02,GB,GBP,Facebook,763.9
2023-02,GB,GBP,Google,807.57
2023-02,GB,GBP,Email,1580.17
2023-02,GB,GBP,Affiliate,395.62
2023-02,GB,GBP,TikTok,1126.86
2023-02,GB,GBP,Organic,421.44
2023-02,AU,AUD,Facebook,1254.57
2023-02,AU,AUD,Google,777.1
2023-02,AU,AUD,Email,1774.61
2023-02,AU,AUD,Affiliate,1417.07
2023-02,AU,AUD,TikTok,876.63
2023-02,AU,AUD,Organic,1023.5
2023-02,DE,EUR,Facebook,0.0
2023-02,DE,EUR,Google,1033.32
2023-02,DE,EUR,Email,1013.35
2023-02,DE,EUR,Affiliate,326.39
2023-02,DE,EUR,TikTok,525.05
2023-02,DE,EUR,Organic,1698.12
2023-02,FR,EUR,Facebook,866.29
2023-02,FR,EUR,Google,1182.91
2023-02,FR,EUR,Email,601.23
2023-02,FR,EUR,Affiliate,0.0
2023-02,FR,EUR,TikTok,396.7
2023-02,FR,EUR,Organic,1075.99
2023-02,ES,EUR,Facebook,117.76
2023-02,ES,EUR,Google,1135.1
2023-02,ES,EUR,Email,1200.71
2023-02,ES,EUR,Affiliate,668.98
2023-02,ES,EUR,TikTok,593.83
2023-02,ES,EUR,Organic,456.17
2023-02,IT,EUR,Facebook,412.99
2023-02,IT,EUR,Google,758.2
2023-02,IT,EUR,Email,766.31
2023-02,IT,EUR,Affiliate,1137.59
2023-02,IT,EUR,TikTok,835.47
2023-02,IT,EUR,Organic,776.84
2023-02,MX,MXN,Facebook,0.0
2023-02,MX,MXN,Google,837.71
2023-02,MX,MXN,Email,509.18
2023-02,MX,MXN,Affiliate,1289.42
2023-02,MX,MXN,TikTok,774.85
2023-02,MX,MXN,Organic,400.06
2023-02,BR,USD,Facebook,232.58
2023-02,BR,USD,Google,693.66
2023-02,BR,USD,Email,880.89
2023-02,BR,USD,Affiliate,715.01
2023-02,BR,USD,TikTok,706.09
2023-02,BR,USD,Organic,1352.5
2023-03,US,USD,Facebook,2289.41
2023-03,US,USD,Google,1900.78
2023-03,US,USD,Email,1563.21
2023-03,US,USD,Affiliate,2372.43
2023-03,US,USD,TikTok,1140.15
2023-03,US,USD,Organic,0.0
2023-03,CA,CAD,Facebook,930.58
2023-03,CA,CAD,Google,1039.87
2023-03,CA,CAD,Email,1260.17
2023-03,CA,CAD,Affiliate,362.12
2023-03,CA,CAD,TikTok,966.69
2023-03,CA,CAD,Organic,921.63
2023-03,GB,GBP,Facebook,525.49
2023-03,GB,GBP,Google,678.72
2023-03,GB,GBP,Email,740.52
2023-03,GB,GBP,Affiliate,780.13
2023-03,GB,GBP,TikTok,344.65
2023-03,GB,GBP,Organic,288.58
2023-03,AU,AUD,Facebook,277.86
2023-03,AU,AUD,Google,598.16
2023-03,AU,AUD,Email,1015.41
2023-03,AU,AUD,Affiliate,1228.31
2023-03,AU,AUD,TikTok,535.77
2023-03,AU,AUD,Organic,302.57
2023-03,DE,EUR,Facebook,782.17
2023-03,DE,EUR,Google,1184.7
2023-03,DE,EUR,Email,971.95
2023-03,DE,EUR,Affiliate,1234.18
2023-03,DE,EUR,TikTok,1290.93
2023-03,DE,EUR,Organic,389.01
2023-03,FR,EUR,Facebook,278.98
2023-03,FR,EUR,Google,0.0
2023-03,FR,EUR,Email,723.98
2023-03,FR,EUR,Affiliate,598.85
2023-03,FR,EUR,TikTok,1060.19
2023-03,FR,EUR,Organic,393.2
2023-03,ES,EUR,Facebook,930.91
2023-03,ES,EUR,Google,709.4
2023-03,ES,EUR,Email,1479.19
2023-03,ES,EUR,Affiliate,0.0
2023-03,ES,EUR,TikTok,1042.15
2023-03,ES,EUR,Organic,1218.41
2023-03,IT,EUR,Facebook,0.0
2023-03,IT,EUR,Google,822.2
2023-03,IT,EUR,Email,1429.67
2023-03,IT,EUR,Affiliate,418.98
2023-03,IT,EUR,TikTok,590.57
2023-03,IT,EUR,Organic,412.1
2023-03,MX,MXN,Facebook,1081.97
2023-03,MX,MXN,Google,478.01
2023-03,MX,MXN,Email,463.16
2023-03,MX,MXN,Affiliate,537.85
2023-03,MX,MXN,TikTok,408.23
2023-03,MX,MXN,Organic,226.09
2023-03,BR,USD,Facebook,706.16
2023-03,BR,USD,Google,200.59
2023-03,BR,USD,Email,1071.76
2023-03,BR,USD,Affiliate,854.49
2023-03,BR,USD,TikTok,751.31
2023-03,BR,USD,Organic,589.18
2023-04,US,USD,Facebook,3257.54
2023-04,US,USD,Google,3241.89
2023-04,US,USD,Email,622.19
2023-04,US,USD,Affiliate,3687.18
2023-04,US,USD,TikTok,429.22
2023-04,US,USD,Organic,825.17
2023-04,CA,CAD,Facebook,892.83
2023-04,CA,CAD,Google,1007.51
2023-04,CA,CAD,Email,113.26
2023-04,CA,CAD,Affiliate,854.82
2023-04,CA,CAD,TikTok,1215.39
2023-04,CA,CAD,Organic,1886.91
2023-04,GB,GBP,Facebook,1109.29
2023-04,GB,GBP,Google,823.38
2023-04,GB,GBP,Email,496.69
2023-04,GB,GBP,Affiliate,783.83
2023-04,GB,GBP,TikTok,943.11
2023-04,GB,GBP,Organic,879.01
2023-04,AU,AUD,Facebook,0.0
2023-04,AU,AUD,Google,894.53
2023-04,AU,AUD,Email,442.1
2023-04,AU,AUD,Affiliate,331.7
2023-04,AU,AUD,TikTok,1207.74
2023-04,AU,AUD,Organic,1539.98
2023-04,DE,EUR,Facebook,1426.52
2023-04,DE,EUR,Google,1083.83
2023-04,DE,EUR,Email,643.36
2023-04,DE,EUR,Affiliate,1125.41
2023-04,DE,EUR,TikTok,600.13
2023-04,DE,EUR,Organic,1131.15
2023-04,FR,EUR,Facebook,350.19
2023-04,FR,EUR,Google,1273.19
2023-04,FR,EUR,Email,664.12
2023-04,FR,EUR,Affiliate,1130.13
2023-04,FR,EUR,TikTok,718.98
2023-04,FR,EUR,Organic,1326.57
2023-04,ES,EUR,Facebook,338.28
2023-04,ES,EUR,Google,852.1
2023-04,ES,EUR,Email,1478.82
2023-04,ES,EUR,Affiliate,0.0
2023-04,ES,EUR,TikTok,0.0
2023-04,ES,EUR,Organic,1384.34
2023-04,IT,EUR,Facebook,1362.98
2023-04,IT,EUR,Google,538.66
2023-04,IT,EUR,Email,1145.66
2023-04,IT,EUR,Affiliate,747.18
2023-04,IT,EUR,TikTok,125.02
2023-04,IT,EUR,Organic,1327.83
2023-04,MX,MXN,Facebook,696.71
2023-04,MX,MXN,Google,1023.2
2023-04,MX,MXN,Email,1124.84
2023-04,MX,MXN,Affiliate,1129.93
2023-04,MX,MXN,TikTok,1126.51
2023-04,MX,MXN,Organic,1321.29
2023-04,BR,USD,Facebook,313.46
2023-04,BR,USD,Google,28.12
2023-04,BR,USD,Email,599.42
2023-04,BR,USD,Affiliate,1328.06
2023-04,BR,USD,TikTok,1201.04
2023-04,BR,USD,Organic,273.4
2023-05,US,USD,Facebook,3155.6
2023-05,US,USD,Google,1058.12
2023-05,US,USD,Email,169.76
2023-05,US,USD,Affiliate,662.3
2023-05,US,USD,TikTok,1718.21
2023-05,US,USD,Organic,1746.55
2023-05,CA,CAD,Facebook,13.93
2023-05,CA,CAD,Google,327.62
2023-05,CA,CAD,Email,389.71
2023-05,CA,CAD,Affiliate,1266.98
2023-05,CA,CAD,TikTok,412.33
2023-05,CA,CAD,Organic,963.2
2023-05,GB,GBP,Facebook,645.22
2023-05,GB,GBP,Google,891.16
2023-05,GB,GBP,Email,280.7
2023-05,GB,GBP,Affiliate,344.58
2023-05,GB,GBP,TikTok,393.72
2023-05,GB,GBP,Organic,9.95
2023-05,AU,AUD,Facebook,998.45
2023-05,AU,AUD,Google,580.09
2023-05,AU,AUD,Email,697.37
2023-05,AU,AUD,Affiliate,911.68
2023-05,AU,AUD,TikTok,361.29
2023-05,AU,AUD,Organic,804.83
2023-05,DE,EUR,Facebook,780.04
2023-05,DE,EUR,Google,354.15
2023-05,DE,EUR,Email,389.11
2023-05,DE,EUR,Affiliate,736.17
2023-05,DE,EUR,TikTok,1668.26
2023-05,DE,EUR,Organic,2.42
2023-05,FR,EUR,Facebook,735.36
2023-05,FR,EUR,Google,327.98
2023-05,FR,EUR,Email,735.77
2023-05,FR,EUR,Affiliate,425.45
2023-05,FR,EUR,TikTok,701.58
2023-05,FR,EUR,Organic,1195.04
2023-05,ES,EUR,Facebook,721.63
2023-05,ES,EUR,Google,903.17
2023-05,ES,EUR,Email,830.85
2023-05,ES,EUR,Affiliate,300.38
2023-05,ES,EUR,TikTok,0.0
2023-05,ES,EUR,Organic,0.0
2023-05,IT,EUR,Facebook,415.98
2023-05,IT,EUR,Google,787.46
2023-05,IT,EUR,Email,1331.47
2023-05,IT,EUR,Affiliate,1003.92
2023-05,IT,EUR,TikTok,1292.93
2023-05,IT,EUR,Organic,757.28
2023-05,MX,MXN,Facebook,1717.38
2023-05,MX,MXN,Google,866.7
2023-05,MX,MXN,Email,475.25
2023-05,MX,MXN,Affiliate,993.72
2023-05,MX,MXN,TikTok,958.03
2023-05,MX,MXN,Organic,990.19
2023-05,BR,USD,Facebook,410.92
2023-05,BR,USD,Google,1004.05
2023-05,BR,USD,Email,1181.06
2023-05,BR,USD,Affiliate,752.16
2023-05,BR,USD,TikTok,629.45
2023-05,BR,USD,Organic,1134.61
2023-06,US,USD,Facebook,2594.13
2023-06,US,USD,Google,2360.32
2023-06,US,USD,Email,368.36
2023-06,US,USD,Affiliate,1795.3
2023-06,US,USD,TikTok,2368.57
2023-06,US,USD,Organic,2125.75
2023-06,CA,CAD,Facebook,937.6
2023-06,CA,CAD,Google,976.41
2023-06,CA,CAD,Email,1334.13
2023-06,CA,CAD,Affiliate,461.48
2023-06,CA,CAD,TikTok,305.11
2023-06,CA,CAD,Organic,1591.87
2023-06,GB,GBP,Facebook,845.88
2023-06,GB,GBP,Google,987.06
2023-06,GB,GBP,Email,1908.81
2023-06,GB,GBP,Affiliate,1488.4
2023-06,GB,GBP,TikTok,161.57
2023-06,GB,GBP,Organic,1529.12
2023-06,AU,AUD,Facebook,835.01
2023-06,AU,AUD,Google,506.63
2023-06,AU,AUD,Email,1139.82
2023-06,AU,AUD,Affiliate,424.6
2023-06,AU,AUD,TikTok,1351.65
2023-06,AU,AUD,Organic,360.68
2023-06,DE,EUR,Facebook,0.0
2023-06,DE,EUR,Google,816.74
2023-06,DE,EUR,Email,633.2
2023-06,DE,EUR,Affiliate,0.0
2023-06,DE,EUR,TikTok,623.73
2023-06,DE,EUR,Organic,267.36
2023-06,FR,EUR,Facebook,498.02
2023-06,FR,EUR,Google,455.35
2023-06,FR,EUR,Email,576.78
2023-06,FR,EUR,Affiliate,155.82
2023-06,FR,EUR,TikTok,661.76
2023-06,FR,EUR,Organic,1134.11
2023-06,ES,EUR,Facebook,1146.99
2023-06,ES,EUR,Google,830.27
2023-06,ES,EUR,Email,239.8
2023-06,ES,EUR,Affiliate,1473.51
2023-06,ES,EUR,TikTok,1232.83
2023-06,ES,EUR,Organic,1077.0
2023-06,IT,EUR,Facebook,0.0
2023-06,IT,EUR,Google,67.88
2023-06,IT,EUR,Email,233.48
2023-06,IT,EUR,Affiliate,433.92
2023-06,IT,EUR,TikTok,524.06
2023-06,IT,EUR,Organic,567.72
2023-06,MX,MXN,Facebook,857.66
2023-06,MX,MXN,Google,424.21
2023-06,MX,MXN,Email,758.76
2023-06,MX,MXN,Affiliate,512.76
2023-06,MX,MXN,TikTok,1638.48
2023-06,MX,MXN,Organic,1061.56
2023-06,BR,USD,Facebook,525.71
2023-06,BR,USD,Google,1499.77
2023-06,BR,USD,Email,918.08
2023-06,BR,USD,Affiliate,491.87
2023-06,BR,USD,TikTok,0.0
2023-06,BR,USD,Organic,424.43
2023-07,US,USD,Facebook,3271.99
2023-07,US,USD,Google,0.0
2023-07,US,USD,Email,1534.37
2023-07,US,USD,Affiliate,1831.58
2023-07,US,USD,TikTok,2893.51
2023-07,US,USD,Organic,2506.17
2023-07,CA,CAD,Facebook,708.24
2023-07,CA,CAD,Google,446.14
2023-07,CA,CAD,Email,0.0
2023-07,CA,CAD,Affiliate,1455.5
2023-07,CA,CAD,TikTok,474.75
2023-07,CA,CAD,Organic,459.86
2023-07,GB,GBP,Facebook,882.23
2023-07,GB,GBP,Google,0.0
2023-07,GB,GBP,Email,1186.55
2023-07,GB,GBP,Affiliate,157.38
2023-07,GB,GBP,TikTok,509.06
2023-07,GB,GBP,Organic,235.56
2023-07,AU,AUD,Facebook,0.0
2023-07,AU,AUD,Google,0.0
2023-07,AU,AUD,Email,518.29
2023-07,AU,AUD,Affiliate,1423.45
2023-07,AU,AUD,TikTok,1546.39
2023-07,AU,AUD,Organic,0.0
2023-07,DE,EUR,Facebook,261.77
2023-07,DE,EUR,Google,1375.61
2023-07,DE,EUR,Email,143.58
2023-07,DE,EUR,Affiliate,859.61
2023-07,DE,EUR,TikTok,505.7
2023-07,DE,EUR,Organic,869.61
2023-07,FR,EUR,Facebook,1150.56
2023-07,FR,EUR,Google,1421.75
2023-07,FR,EUR,Email,904.26
2023-07,FR,EUR,Affiliate,701.57
2023-07,FR,EUR,TikTok,1478.23
2023-07,FR,EUR,Organic,1702.08
2023-07,ES,EUR,Facebook,802.25
2023-07,ES,EUR,Google,592.03
2023-07,ES,EUR,Email,716.65
2023-07,ES,EUR,Affiliate,1050.8
2023-07,ES,EUR,TikTok,1116.02
2023-07,ES,EUR,Organic,1479.07
2023-07,IT,EUR,Facebook,807.61
2023-07,IT,EUR,Google,1496.89
2023-07,IT,EUR,Email,1329.84
2023-07,IT,EUR,Affiliate,573.22
2023-07,IT,EUR,TikTok,536.1
2023-07,IT,EUR,Organic,1244.12
2023-07,MX,MXN,Facebook,852.68
2023-07,MX,MXN,Google,1476.38
2023-07,MX,MXN,Email,510.52
2023-07,MX,MXN,Affiliate,204.51
2023-07,MX,MXN,TikTok,1510.87
2023-07,MX,MXN,Organic,1042.58
2023-07,BR,USD,Facebook,875.3
2023-07,BR,USD,Google,1770.67
2023-07,BR,USD,Email,864.83
2023-07,BR,USD,Affiliate,887.63
2023-07,BR,USD,TikTok,1161.09
2023-07,BR,USD,Organic,1398.23
2023-08,US,USD,Facebook,1864.92
2023-08,US,USD,Google,1547.87
2023-08,US,USD,Email,2095.83
2023-08,US,USD,Affiliate,2162.29
2023-08,US,USD,TikTok,3263.33
2023-08,US,USD,Organic,436.0
2023-08,CA,CAD,Facebook,416.81
2023-08,CA,CAD,Google,0.0
2023-08,CA,CAD,Email,145.23
2023-08,CA,CAD,Affiliate,220.91
2023-08,CA,CAD,TikTok,1220.51
2023-08,CA,CAD,Organic,562.85
2023-08,GB,GBP,Facebook,0.0
2023-08,GB,GBP,Google,1344.06
2023-08,GB,GBP,Email,706.48
2023-08,GB,GBP,Affiliate,1848.59
2023-08,GB,GBP,TikTok,762.11
2023-08,GB,GBP,Organic,501.73
2023-08,AU,AUD,Facebook,786.14
2023-08,AU,AUD,Google,34.16
2023-08,AU,AUD,Email,838.26
2023-08,AU,AUD,Affiliate,1683.82
2023-08,AU,AUD,TikTok,1024.33
2023-08,AU,AUD,Organic,16.79
2023-08,DE,EUR,Facebook,173.44
2023-08,DE,EUR,Google,514.53
2023-08,DE,EUR,Email,468.51
2023-08,DE,EUR,Affiliate,525.16
2023-08,DE,EUR,TikTok,593.39
2023-08,DE,EUR,Organic,799.67
2023-08,FR,EUR,Facebook,170.23
2023-08,FR,EUR,Google,1077.75
2023-08,FR,EUR,Email,1143.86
2023-08,FR,EUR,Affiliate,0.0
2023-08,FR,EUR,TikTok,0.0
2023-08,FR,EUR,Organic,670.34
2023-08,ES,EUR,Facebook,714.39
2023-08,ES,EUR,Google,652.98
2023-08,ES,EUR,Email,535.16
2023-08,ES,EUR,Affiliate,1179.24
2023-08,ES,EUR,TikTok,522.42
2023-08,ES,EUR,Organic,126.16
2023-08,IT,EUR,Facebook,704.99
2023-08,IT,EUR,Google,823.05
2023-08,IT,EUR,Email,903.19
2023-08,IT,EUR,Affiliate,371.02
2023-08,IT,EUR,TikTok,0.0
2023-08,IT,EUR,Organic,1130.04
2023-08,MX,MXN,Facebook,1188.49
2023-08,MX,MXN,Google,899.11
2023-08,MX,MXN,Email,1943.2
2023-08,MX,MXN,Affiliate,1315.98
2023-08,MX,MXN,TikTok,1507.07
2023-08,MX,MXN,Organic,196.54
2023-08,BR,USD,Facebook,479.16
2023-08,BR,USD,Google,793.27
2023-08,BR,USD,Email,599.74
2023-08,BR,USD,Affiliate,658.68
2023-08,BR,USD,TikTok,489.69
2023-08,BR,USD,Organic,2024.65
2023-09,US,USD,Facebook,915.97
2023-09,US,USD,Google,0.0
2023-09,US,USD,Email,180.93
2023-09,US,USD,Affiliate,1921.06
2023-09,US,USD,TikTok,4275.67
2023-09,US,USD,Organic,2671.02
2023-09,CA,CAD,Facebook,874.1
2023-09,CA,CAD,Google,666.14
2023-09,CA,CAD,Email,1073.61
2023-09,CA,CAD,Affiliate,1246.0
2023-09,CA,CAD,TikTok,941.94
2023-09,CA,CAD,Organic,1358.36
2023-09,GB,GBP,Facebook,712.51
2023-09,GB,GBP,Google,1851.66
2023-09,GB,GBP,Email,1303.62
2023-09,GB,GBP,Affiliate,515.91
2023-09,GB,GBP,TikTok,121.69
2023-09,GB,GBP,Organic,1949.26
2023-09,AU,AUD,Facebook,421.51
2023-09,AU,AUD,Google,415.31
2023-09,AU,AUD,Email,512.83
2023-09,AU,AUD,Affiliate,575.83
2023-09,AU,AUD,TikTok,0.0
2023-09,AU,AUD,Organic,288.33
2023-09,DE,EUR,Facebook,445.95
2023-09,DE,EUR,Google,1135.78
2023-09,DE,EUR,Email,211.76
2023-09,DE,EUR,Affiliate,530.15
2023-09,DE,EUR,TikTok,291.29
2023-09,DE,EUR,Organic,638.25
2023-09,FR,EUR,Facebook,116.65
2023-09,FR,EUR,Google,1400.93
2023-09,FR,EUR,Email,1405.62
2023-09,FR,EUR,Affiliate,188.13
2023-09,FR,EUR,TikTok,892.25
2023-09,FR,EUR,Organic,325.21
2023-09,ES,EUR,Facebook,1083.86
2023-09,ES,EUR,Google,612.52
2023-09,ES,EUR,Email,1389.86
2023-09,ES,EUR,Affiliate,601.45
2023-09,ES,EUR,TikTok,1081.81
2023-09,ES,EUR,Organic,1103.78
2023-09,IT,EUR,Facebook,1022.74
2023-09,IT,EUR,Google,878.71
2023-09,IT,EUR,Email,1136.64
2023-09,IT,EUR,Affiliate,196.63
2023-09,IT,EUR,TikTok,1295.83
2023-09,IT,EUR,Organic,909.62
2023-09,MX,MXN,Facebook,657.92
2023-09,MX,MXN,Google,752.43
2023-09,MX,MXN,Email,1199.16
2023-09,MX,MXN,Affiliate,1587.84
2023-09,MX,MXN,TikTok,59.58
2023-09,MX,MXN,Organic,463.29
2023-09,BR,USD,Facebook,0.0
2023-09,BR,USD,Google,1073.2
2023-09,BR,USD,Email,698.32
2023-09,BR,USD,Affiliate,1186.66
2023-09,BR,USD,TikTok,975.96
2023-09,BR,USD,Organic,622.51
2023-10,US,USD,Facebook,1761.04
2023-10,US,USD,Google,1179.37
2023-10,US,USD,Email,741.77
2023-10,US,USD,Affiliate,1436.83
2023-10,US,USD,TikTok,2211.56
2023-10,US,USD,Organic,2408.05
2023-10,CA,CAD,Facebook,1181.92
2023-10,CA,CAD,Google,1043.66
2023-10,CA,CAD,Email,1168.41
2023-10,CA,CAD,Affiliate,1532.22
2023-10,CA,CAD,TikTok,1106.97
2023-10,CA,CAD,Organic,1657.29
2023-10,GB,GBP,Facebook,1058.11
2023-10,GB,GBP,Google,319.73
2023-10,GB,GBP,Email,914.47
2023-10,GB,GBP,Affiliate,1207.57
2023-10,GB,GBP,TikTok,389.18
2023-10,GB,GBP,Organic,311.9
2023-10,AU,AUD,Facebook,1779.41
2023-10,AU,AUD,Google,304.62
2023-10,AU,AUD,Email,1162.23
2023-10,AU,AUD,Affiliate,1554.15
2023-10,AU,AUD,TikTok,1832.55
2023-10,AU,AUD,Organic,1875.42
2023-10,DE,EUR,Facebook,910.63
2023-10,DE,EUR,Google,640.82
2023-10,DE,EUR,Email,377.8
2023-10,DE,EUR,Affiliate,1692.53
2023-10,DE,EUR,TikTok,0.0
2023-10,DE,EUR,Organic,56.62
2023-10,FR,EUR,Facebook,532.28
2023-10,FR,EUR,Google,1513.15
2023-10,FR,EUR,Email,903.26
2023-10,FR,EUR,Affiliate,351.16
2023-10,FR,EUR,TikTok,826.82
2023-10,FR,EUR,Organic,536.94
2023-10,ES,EUR,Facebook,583.09
2023-10,ES,EUR,Google,475.07
2023-10,ES,EUR,Email,835.95
2023-10,ES,EUR,Affiliate,579.5
2023-10,ES,EUR,TikTok,1871.59
2023-10,ES,EUR,Organic,1091.83
2023-10,IT,EUR,Facebook,1153.52
2023-10,IT,EUR,Google,1352.79
2023-10,IT,EUR,Email,0.0
2023-10,IT,EUR,Affiliate,197.76
2023-10,IT,EUR,TikTok,1507.45
2023-10,IT,EUR,Organic,822.17
2023-10,MX,MXN,Facebook,0.0
2023-10,MX,MXN,Google,1622.25
2023-10,MX,MXN,Email,120.32
2023-10,MX,MXN,Affiliate,1101.29
2023-10,MX,MXN,TikTok,0.0
2023-10,MX,MXN,Organic,64.2
2023-10,BR,USD,Facebook,1103.2
2023-10,BR,USD,Google,592.42
2023-10,BR,USD,Email,764.31
2023-10,BR,USD,Affiliate,169.42
2023-10,BR,USD,TikTok,513.88
2023-10,BR,USD,Organic,836.03
2023-11,US,USD,Facebook,2320.68
2023-11,US,USD,Google,2751.36
2023-11,US,USD,Email,1738.97
2023-11,US,USD,Affiliate,2034.3
2023-11,US,USD,TikTok,1939.81
2023-11,US,USD,Organic,3257.39
2023-11,CA,CAD,Facebook,775.93
2023-11,CA,CAD,Google,523.99
2023-11,CA,CAD,Email,1170.65
2023-11,CA,CAD,Affiliate,869.85
2023-11,CA,CAD,TikTok,0.0
2023-11,CA,CAD,Organic,822.52
2023-11,GB,GBP,Facebook,1320.19
2023-11,GB,GBP,Google,286.51
2023-11,GB,GBP,Email,432.34
2023-11,GB,GBP,Affiliate,1233.76
2023-11,GB,GBP,TikTok,665.51
2023-11,GB,GBP,Organic,868.48
2023-11,AU,AUD,Facebook,184.94
2023-11,AU,AUD,Google,742.08
2023-11,AU,AUD,Email,1386.28
2023-11,AU,AUD,Affiliate,1030.32
2023-11,AU,AUD,TikTok,1.37
2023-11,AU,AUD,Organic,214.39
2023-11,DE,EUR,Facebook,1077.77
2023-11,DE,EUR,Google,0.0
2023-11,DE,EUR,Email,867.15
2023-11,DE,EUR,Affiliate,0.0
2023-11,DE,EUR,TikTok,1290.45
2023-11,DE,EUR,Organic,1130.4
2023-11,FR,EUR,Facebook,396.49
2023-11,FR,EUR,Google,43.44
2023-11,FR,EUR,Email,1443.88
2023-11,FR,EUR,Affiliate,670.53
2023-11,FR,EUR,TikTok,0.0
2023-11,FR,EUR,Organic,0.0
2023-11,ES,EUR,Facebook,827.09
2023-11,ES,EUR,Google,0.0
2023-11,ES,EUR,Email,1419.69
2023-11,ES,EUR,Affiliate,1605.18
2023-11,ES,EUR,TikTok,905.56
2023-11,ES,EUR,Organic,1634.45
2023-11,IT,EUR,Facebook,394.53
2023-11,IT,EUR,Google,1126.31
2023-11,IT,EUR,Email,2208.13
2023-11,IT,EUR,Affiliate,1997.92
2023-11,IT,EUR,TikTok,0.0
2023-11,IT,EUR,Organic,762.82
2023-11,MX,MXN,Facebook,1493.95
2023-11,MX,MXN,Google,1340.65
2023-11,MX,MXN,Email,1035.15
2023-11,MX,MXN,Affiliate,105.1
2023-11,MX,MXN,TikTok,915.17
2023-11,MX,MXN,Organic,317.49
2023-11,BR,USD,Facebook,381.85
2023-11,BR,USD,Google,1402.66
2023-11,BR,USD,Email,652.0
2023-11,BR,USD,Affiliate,769.0
2023-11,BR,USD,TikTok,1220.88
2023-11,BR,USD,Organic,432.56
2023-12,US,USD,Facebook,197.93
2023-12,US,USD,Google,557.56
2023-12,US,USD,Email,1032.45
2023-12,US,USD,Affiliate,1660.47
2023-12,US,USD,TikTok,2223.84
2023-12,US,USD,Organic,1568.49
2023-12,CA,CAD,Facebook,2062.01
2023-12,CA,CAD,Google,184.06
2023-12,CA,CAD,Email,949.56
2023-12,CA,CAD,Affiliate,1572.12
2023-12,CA,CAD,TikTok,962.09
2023-12,CA,CAD,Organic,1069.84
2023-12,GB,GBP,Facebook,1431.68
2023-12,GB,GBP,Google,25.66
2023-12,GB,GBP,Email,980.94
2023-12,GB,GBP,Affiliate,1358.84
2023-12,GB,GBP,TikTok,1985.12
2023-12,GB,GBP,Organic,747.35
2023-12,AU,AUD,Facebook,1209.63
2023-12,AU,AUD,Google,1317.32
2023-12,AU,AUD,Email,577.3
2023-12,AU,AUD,Affiliate,1278.93
2023-12,AU,AUD,TikTok,828.16
2023-12,AU,AUD,Organic,185.53
2023-12,DE,EUR,Facebook,769.07
2023-12,DE,EUR,Google,292.9
2023-12,DE,EUR,Email,674.87
2023-12,DE,EUR,Affiliate,0.0
2023-12,DE,EUR,TikTok,798.03
2023-12,DE,EUR,Organic,566.88
2023-12,FR,EUR,Facebook,821.31
2023-12,FR,EUR,Google,126.6
2023-12,FR,EUR,Email,1369.63
2023-12,FR,EUR,Affiliate,704.4
2023-12,FR,EUR,TikTok,1944.69
2023-12,FR,EUR,Organic,799.55
2023-12,ES,EUR,Facebook,558.75
2023-12,ES,EUR,Google,824.56
2023-12,ES,EUR,Email,393.17
2023-12,ES,EUR,Affiliate,993.23
2023-12,ES,EUR,TikTok,1249.95
2023-12,ES,EUR,Organic,600.99
2023-12,IT,EUR,Facebook,1293.12
2023-12,IT,EUR,Google,725.99
2023-12,IT,EUR,Email,0.0
2023-12,IT,EUR,Affiliate,785.26
2023-12,IT,EUR,TikTok,729.23
2023-12,IT,EUR,Organic,236.24
2023-12,MX,MXN,Facebook,485.63
2023-12,MX,MXN,Google,339.17
2023-12,MX,MXN,Email,462.3
2023-12,MX,MXN,Affiliate,519.49
2023-12,MX,MXN,TikTok,1776.92
2023-12,MX,MXN,Organic,1043.78
2023-12,BR,USD,Facebook,836.74
2023-12,BR,USD,Google,1090.61
2023-12,BR,USD,Email,874.26
2023-12,BR,USD,Affiliate,1297.29
2023-12,BR,USD,TikTok,843.55
2023-12,BR,USD,Organic,1041.73
2024-01,US,USD,Facebook,1544.67
2024-01,US,USD,Google,1562.32
2024-01,US,USD,Email,862.95
2024-01,US,USD,Affiliate,2908.34
2024-01,US,USD,TikTok,2215.12
2024-01,US,USD,Organic,1473.39
2024-01,CA,CAD,Facebook,777.23
2024-01,CA,CAD,Google,348.88
2024-01,CA,CAD,Email,1590.08
2024-01,CA,CAD,Affiliate,406.09
2024-01,CA,CAD,TikTok,370.04
2024-01,CA,CAD,Organic,1212.43
2024-01,GB,GBP,Facebook,504.22
2024-01,GB,GBP,Google,722.2
2024-01,GB,GBP,Email,0.0
2024-01,GB,GBP,Affiliate,847.74
2024-01,GB,GBP,TikTok,256.13
2024-01,GB,GBP,Organic,1451.9
2024-01,AU,AUD,Facebook,890.36
2024-01,AU,AUD,Google,198.64
2024-01,AU,AUD,Email,737.87
2024-01,AU,AUD,Affiliate,488.72
2024-01,AU,AUD,TikTok,413.11
2024-01,AU,AUD,Organic,1384.38
2024-01,DE,EUR,Facebook,1525.03
2024-01,DE,EUR,Google,623.23
2024-01,DE,EUR,Email,470.87
2024-01,DE,EUR,Affiliate,321.31
2024-01,DE,EUR,TikTok,213.98
2024-01,DE,EUR,Organic,1511.69
2024-01,FR,EUR,Facebook,566.94
2024-01,FR,EUR,Google,871.61
2024-01,FR,EUR,Email,0.0
2024-01,FR,EUR,Affiliate,886.3
2024-01,FR,EUR,TikTok,0.0
2024-01,FR,EUR,Organic,2175.62
2024-01,ES,EUR,Facebook,11.87
2024-01,ES,EUR,Google,238.03
2024-01,ES,EUR,Email,459.01
2024-01,ES,EUR,Affiliate,1016.18
2024-01,ES,EUR,TikTok,1467.37
2024-01,ES,EUR,Organic,898.19
2024-01,IT,EUR,Facebook,2143.74
2024-01,IT,EUR,Google,293.99
2024-01,IT,EUR,Email,1618.17
2024-01,IT,EUR,Affiliate,231.55
2024-01,IT,EUR,TikTok,1171.87
2024-01,IT,EUR,Organic,1222.51
2024-01,MX,MXN,Facebook,727.73
2024-01,MX,MXN,Google,507.56
2024-01,MX,MXN,Email,932.97
2024-01,MX,MXN,Affiliate,1631.12
2024-01,MX,MXN,TikTok,406.78
2024-01,MX,MXN,Organic,1196.09
2024-01,BR,USD,Facebook,91.6
2024-01,BR,USD,Google,0.0
2024-01,BR,USD,Email,641.2
2024-01,BR,USD,Affiliate,1161.39
2024-01,BR,USD,TikTok,0.0
2024-01,BR,USD,Organic,291.73
2024-02,US,USD,Facebook,2897.35
2024-02,US,USD,Google,2962.07
2024-02,US,USD,Email,2606.1
2024-02,US,USD,Affiliate,3101.74
2024-02,US,USD,TikTok,450.83
2024-02,US,USD,Organic,1261.54
2024-02,CA,CAD,Facebook,674.09
2024-02,CA,CAD,Google,743.33
2024-02,CA,CAD,Email,138.38
2024-02,CA,CAD,Affiliate,1115.95
2024-02,CA,CAD,TikTok,1248.22
2024-02,CA,CAD,Organic,1171.83
2024-02,GB,GBP,Facebook,639.6
2024-02,GB,GBP,Google,1182.98
2024-02,GB,GBP,Email,561.73
2024-02,GB,GBP,Affiliate,842.5
2024-02,GB,GBP,TikTok,1093.39
2024-02,GB,GBP,Organic,288.36
2024-02,AU,AUD,Facebook,0.0
2024-02,AU,AUD,Google,687.14
2024-02,AU,AUD,Email,1314.97
2024-02,AU,AUD,Affiliate,1038.3
2024-02,AU,AUD,TikTok,403.85
2024-02,AU,AUD,Organic,1764.35
2024-02,DE,EUR,Facebook,986.44
2024-02,DE,EUR,Google,812.04
2024-02,DE,EUR,Email,947.63
2024-02,DE,EUR,Affiliate,240.5
2024-02,DE,EUR,TikTok,1376.16
2024-02,DE,EUR,Organic,1034.93
2024-02,FR,EUR,Facebook,1198.17
2024-02,FR,EUR,Google,767.46
2024-02,FR,EUR,Email,119.43
2024-02,FR,EUR,Affiliate,143.84
2024-02,FR,EUR,TikTok,944.94
2024-02,FR,EUR,Organic,1107.52
2024-02,ES,EUR,Facebook,765.81
2024-02,ES,EUR,Google,894.04
2024-02,ES,EUR,Email,633.58
2024-02,ES,EUR,Affiliate,370.64
2024-02,ES,EUR,TikTok,1402.9
2024-02,ES,EUR,Organic,183.71
2024-02,IT,EUR,Facebook,942.68
2024-02,IT,EUR,Google,718.33
2024-02,IT,EUR,Email,1684.83
2024-02,IT,EUR,Affiliate,244.53
2024-02,IT,EUR,TikTok,706.75
2024-02,IT,EUR,Organic,465.97
2024-02,MX,MXN,Facebook,928.51
2024-02,MX,MXN,Google,1237.86
2024-02,MX,MXN,Email,566.62
2024-02,MX,MXN,Affiliate,337.52
2024-02,MX,MXN,TikTok,1014.73
2024-02,MX,MXN,Organic,1776.4
2024-02,BR,USD,Facebook,1163.67
2024-02,BR,USD,Google,1233.64
2024-02,BR,USD,Email,1411.88
2024-02,BR,USD,Affiliate,1068.93
2024-02,BR,USD,TikTok,727.88
2024-02,BR,USD,Organic,1492.53
2024-03,US,USD,Facebook,1559.49
2024-03,US,USD,Google,2830.22
2024-03,US,USD,Email,1201.94
2024-03,US,USD,Affiliate,3154.19
2024-03,US,USD,TikTok,3516.83
2024-03,US,USD,Organic,2107.95
2024-03,CA,CAD,Facebook,1155.23
2024-03,CA,CAD,Google,0.0
2024-03,CA,CAD,Email,400.58
2024-03,CA,CAD,Affiliate,916.53
2024-03,CA,CAD,TikTok,523.94
2024-03,CA,CAD,Organic,536.5
2024-03,GB,GBP,Facebook,869.17
2024-03,GB,GBP,Google,637.44
2024-03,GB,GBP,Email,427.52
2024-03,GB,GBP,Affiliate,0.0
2024-03,GB,GBP,TikTok,1184.16
2024-03,GB,GBP,Organic,118.69
2024-03,AU,AUD,Facebook,587.65
2024-03,AU,AUD,Google,143.85
2024-03,AU,AUD,Email,1004.77
2024-03,AU,AUD,Affiliate,1652.93
2024-03,AU,AUD,TikTok,486.64
2024-03,AU,AUD,Organic,1060.1
2024-03,DE,EUR,Facebook,913.06
2024-03,DE,EUR,Google,923.04
2024-03,DE,EUR,Email,962.07
2024-03,DE,EUR,Affiliate,859.89
2024-03,DE,EUR,TikTok,1240.65
2024-03,DE,EUR,Organic,756.67
2024-03,FR,EUR,Facebook,582.29
2024-03,FR,EUR,Google,162.58
2024-03,FR,EUR,Email,1368.03
2024-03,FR,EUR,Affiliate,1009.51
2024-03,FR,EUR,TikTok,1069.68
2024-03,FR,EUR,Organic,603.67
2024-03,ES,EUR,Facebook,528.69
2024-03,ES,EUR,Google,1477.98
2024-03,ES,EUR,Email,1116.97
2024-03,ES,EUR,Affiliate,1276.76
2024-03,ES,EUR,TikTok,508.89
2024-03,ES,EUR,Organic,667.44
2024-03,IT,EUR,Facebook,954.96
2024-03,IT,EUR,Google,202.73
2024-03,IT,EUR,Email,0.0
2024-03,IT,EUR,Affiliate,935.7
2024-03,IT,EUR,TikTok,1216.17
2024-03,IT,EUR,Organic,249.29
2024-03,MX,MXN,Facebook,441.16
2024-03,MX,MXN,Google,1561.89
2024-03,MX,MXN,Email,722.65
2024-03,MX,MXN,Affiliate,989.08
2024-03,MX,MXN,TikTok,1300.64
2024-03,MX,MXN,Organic,1276.63
2024-03,BR,USD,Facebook,343.57
2024-03,BR,USD,Google,238.92
2024-03,BR,USD,Email,1109.44
2024-03,BR,USD,Affiliate,1195.51
2024-03,BR,USD,TikTok,803.29
2024-03,BR,USD,Organic,954.35
2024-04,US,USD,Facebook,1725.9
2024-04,US,USD,Google,1308.81
2024-04,US,USD,Email,2247.33
2024-04,US,USD,Affiliate,535.99
2024-04,US,USD,TikTok,546.37
2024-04,US,USD,Organic,3369.45
2024-04,CA,CAD,Facebook,371.08
2024-04,CA,CAD,Google,1430.45
2024-04,CA,CAD,Email,704.95
2024-04,CA,CAD,Affiliate,1520.24
2024-04,CA,CAD,TikTok,441.69
2024-04,CA,CAD,Organic,1253.81
2024-04,GB,GBP,Facebook,728.62
2024-04,GB,GBP,Google,176.12
2024-04,GB,GBP,Email,477.42
2024-04,GB,GBP,Affiliate,151.59
2024-04,GB,GBP,TikTok,490.66
2024-04,GB,GBP,Organic,802.17
2024-04,AU,AUD,Facebook,734.59
2024-04,AU,AUD,Google,826.4
2024-04,AU,AUD,Email,1758.57
2024-04,AU,AUD,Affiliate,585.32
2024-04,AU,AUD,TikTok,1334.81
2024-04,AU,AUD,Organic,0.0
2024-04,DE,EUR,Facebook,630.61
2024-04,DE,EUR,Google,0.0
2024-04,DE,EUR,Email,80.47
2024-04,DE,EUR,Affiliate,128.01
2024-04,DE,EUR,TikTok,1283.73
2024-04,DE,EUR,Organic,850.16
2024-04,FR,EUR,Facebook,1007.15
2024-04,FR,EUR,Google,188.0
2024-04,FR,EUR,Email,333.08
2024-04,FR,EUR,Affiliate,1415.05
2024-04,FR,EUR,TikTok,825.87
2024-04,FR,EUR,Organic,1168.67
2024-04,ES,EUR,Facebook,397.88
2024-04,ES,EUR,Google,1294.49
2024-04,ES,EUR,Email,616.62
2024-04,ES,EUR,Affiliate,1116.67
2024-04,ES,EUR,TikTok,937.14
2024-04,ES,EUR,Organic,889.51
2024-04,IT,EUR,Facebook,1159.77
2024-04,IT,EUR,Google,837.22
2024-04,IT,EUR,Email,827.28
2024-04,IT,EUR,Affiliate,555.03
2024-04,IT,EUR,TikTok,937.08
2024-04,IT,EUR,Organic,215.38
2024-04,MX,MXN,Facebook,934.57
2024-04,MX,MXN,Google,0.0
2024-04,MX,MXN,Email,505.55
2024-04,MX,MXN,Affiliate,592.49
2024-04,MX,MXN,TikTok,74.57
2024-04,MX,MXN,Organic,978.43
2024-04,BR,USD,Facebook,759.24
2024-04,BR,USD,Google,704.58
2024-04,BR,USD,Email,267.18
2024-04,BR,USD,Affiliate,771.42
2024-04,BR,USD,TikTok,96.48
2024-04,BR,USD,Organic,481.37
2024-05,US,USD,Facebook,1064.18
2024-05,US,USD,Google,1858.42
2024-05,US,USD,Email,2733.0
2024-05,US,USD,Affiliate,3875.48
2024-05,US,USD,TikTok,911.86
2024-05,US,USD,Organic,3148.05
2024-05,CA,CAD,Facebook,698.25
2024-05,CA,CAD,Google,569.85
2024-05,CA,CAD,Email,450.05
2024-05,CA,CAD,Affiliate,498.61
2024-05,CA,CAD,TikTok,311.84
2024-05,CA,CAD,Organic,834.39
2024-05,GB,GBP,Facebook,428.92
2024-05,GB,GBP,Google,1881.96
2024-05,GB,GBP,Email,1148.5
2024-05,GB,GBP,Affiliate,802.14
2024-05,GB,GBP,TikTok,1253.79
2024-05,GB,GBP,Organic,0.0
2024-05,AU,AUD,Facebook,1146.11
2024-05,AU,AUD,Google,1380.34
2024-05,AU,AUD,Email,402.81
2024-05,AU,AUD,Affiliate,609.09
2024-05,AU,AUD,TikTok,960.94
2024-05,AU,AUD,Organic,961.84
2024-05,DE,EUR,Facebook,1018.04
2024-05,DE,EUR,Google,1010.85
2024-05,DE,EUR,Email,860.57
2024-05,DE,EUR,Affiliate,1196.67
2024-05,DE,EUR,TikTok,949.05
2024-05,DE,EUR,Organic,1891.67
2024-05,FR,EUR,Facebook,1752.96
2024-05,FR,EUR,Google,825.73
2024-05,FR,EUR,Email,1205.66
2024-05,FR,EUR,Affiliate,426.91
2024-05,FR,EUR,TikTok,1809.57
2024-05,FR,EUR,Organic,679.64
2024-05,ES,EUR,Facebook,0.0
2024-05,ES,EUR,Google,599.78
2024-05,ES,EUR,Email,866.86
2024-05,ES,EUR,Affiliate,287.94
2024-05,ES,EUR,TikTok,1389.67
2024-05,ES,EUR,Organic,1337.72
2024-05,IT,EUR,Facebook,1474.46
2024-05,IT,EUR,Google,1045.52
2024-05,IT,EUR,Email,951.94
2024-05,IT,EUR,Affiliate,1181.18
2024-05,IT,EUR,TikTok,1079.92
2024-05,IT,EUR,Organic,0.0
2024-05,MX,MXN,Facebook,851.63
2024-05,MX,MXN,Google,359.49
2024-05,MX,MXN,Email,0.0
2024-05,MX,MXN,Affiliate,1503.2
2024-05,MX,MXN,TikTok,278.88
2024-05,MX,MXN,Organic,731.95
2024-05,BR,USD,Facebook,645.74
2024-05,BR,USD,Google,1323.28
2024-05,BR,USD,Email,737.13
2024-05,BR,USD,Affiliate,1566.92
2024-05,BR,USD,TikTok,1983.2
2024-05,BR,USD,Organic,1188.29
2024-06,US,USD,Facebook,2704.43
2024-06,US,USD,Google,1038.36
2024-06,US,USD,Email,2310.97
2024-06,US,USD,Affiliate,2731.49
2024-06,US,USD,TikTok,599.0
2024-06,US,USD,Organic,0.0
2024-06,CA,CAD,Facebook,771.77
2024-06,CA,CAD,Google,588.38
2024-06,CA,CAD,Email,993.65
2024-06,CA,CAD,Affiliate,1064.08
2024-06,CA,CAD,TikTok,2015.87
2024-06,CA,CAD,Organic,859.52
2024-06,GB,GBP,Facebook,816.41
2024-06,GB,GBP,Google,760.0
2024-06,GB,GBP,Email,985.78
2024-06,GB,GBP,Affiliate,391.48
2024-06,GB,GBP,TikTok,119.86
2024-06,GB,GBP,Organic,761.68
2024-06,AU,AUD,Facebook,999.56
2024-06,AU,AUD,Google,1448.48
2024-06,AU,AUD,Email,618.64
2024-06,AU,AUD,Affiliate,1262.96
2024-06,AU,AUD,TikTok,360.7
2024-06,AU,AUD,Organic,1119.01
2024-06,DE,EUR,Facebook,475.96
2024-06,DE,EUR,Google,246.02
2024-06,DE,EUR,Email,560.26
2024-06,DE,EUR,Affiliate,1209.3
2024-06,DE,EUR,TikTok,794.68
2024-06,DE,EUR,Organic,1738.6
2024-06,FR,EUR,Facebook,1031.58
2024-06,FR,EUR,Google,1845.78
2024-06,FR,EUR,Email,1114.25
2024-06,FR,EUR,Affiliate,1300.78
2024-06,FR,EUR,TikTok,583.85
2024-06,FR,EUR,Organic,1431.84
2024-06,ES,EUR,Facebook,836.78
2024-06,ES,EUR,Google,861.75
2024-06,ES,EUR,Email,699.35
2024-06,ES,EUR,Affiliate,208.06
2024-06,ES,EUR,TikTok,498.57
2024-06,ES,EUR,Organic,392.42
2024-06,IT,EUR,Facebook,1084.59
2024-06,IT,EUR,Google,1387.54
2024-06,IT,EUR,Email,1444.44
2024-06,IT,EUR,Affiliate,1155.54
2024-06,IT,EUR,TikTok,1054.25
2024-06,IT,EUR,Organic,301.96
2024-06,MX,MXN,Facebook,193.37
2024-06,MX,MXN,Google,1318.43
2024-06,MX,MXN,Email,464.58
2024-06,MX,MXN,Affiliate,489.22
2024-06,MX,MXN,TikTok,622.12
2024-06,MX,MXN,Organic,839.46
2024-06,BR,USD,Facebook,697.02
2024-06,BR,USD,Google,559.88
2024-06,BR,USD,Email,755.38
2024-06,BR,USD,Affiliate,1240.84
2024-06,BR,USD,TikTok,1152.08
2024-06,BR,USD,Organic,0.0
2024-07,US,USD,Facebook,1526.79
2024-07,US,USD,Google,1533.39
2024-07,US,USD,Email,4557.82
2024-07,US,USD,Affiliate,0.0
2024-07,US,USD,TikTok,4349.73
2024-07,US,USD,Organic,1367.52
2024-07,CA,CAD,Facebook,1170.54
2024-07,CA,CAD,Google,1307.87
2024-07,CA,CAD,Email,1315.87
2024-07,CA,CAD,Affiliate,699.25
2024-07,CA,CAD,TikTok,1332.49
2024-07,CA,CAD,Organic,1123.52
2024-07,GB,GBP,Facebook,172.75
2024-07,GB,GBP,Google,1283.72
2024-07,GB,GBP,Email,1266.78
2024-07,GB,GBP,Affiliate,785.87
2024-07,GB,GBP,TikTok,526.26
2024-07,GB,GBP,Organic,941.69
2024-07,AU,AUD,Facebook,1713.34
2024-07,AU,AUD,Google,1361.33
2024-07,AU,AUD,Email,259.26
2024-07,AU,AUD,Affiliate,2468.36
2024-07,AU,AUD,TikTok,303.62
2024-07,AU,AUD,Organic,695.44
2024-07,DE,EUR,Facebook,0.0
2024-07,DE,EUR,Google,1064.13
2024-07,DE,EUR,Email,898.8
2024-07,DE,EUR,Affiliate,856.19
2024-07,DE,EUR,TikTok,1053.65
2024-07,DE,EUR,Organic,848.17
2024-07,FR,EUR,Facebook,1274.41
2024-07,FR,EUR,Google,1059.03
2024-07,FR,EUR,Email,976.27
2024-07,FR,EUR,Affiliate,1419.14
2024-07,FR,EUR,TikTok,1401.65
2024-07,FR,EUR,Organic,1436.75
2024-07,ES,EUR,Facebook,66.47
2024-07,ES,EUR,Google,608.84
2024-07,ES,EUR,Email,1541.6
2024-07,ES,EUR,Affiliate,909.76
2024-07,ES,EUR,TikTok,835.88
2024-07,ES,EUR,Organic,1072.5
2024-07,IT,EUR,Facebook,1454.51
2024-07,IT,EUR,Google,1027.94
2024-07,IT,EUR,Email,516.94
2024-07,IT,EUR,Affiliate,781.64
2024-07,IT,EUR,TikTok,0.0
2024-07,IT,EUR,Organic,1330.15
2024-07,MX,MXN,Facebook,1438.74
2024-07,MX,MXN,Google,1385.27
2024-07,MX,MXN,Email,845.66
2024-07,MX,MXN,Affiliate,276.93
2024-07,MX,MXN,TikTok,1074.69
2024-07,MX,MXN,Organic,0.0
2024-07,BR,USD,Facebook,0.0
2024-07,BR,USD,Google,1567.87
2024-07,BR,USD,Email,1202.23
2024-07,BR,USD,Affiliate,982.2
2024-07,BR,USD,TikTok,0.0
2024-07,BR,USD,Organic,1095.14
2024-08,US,USD,Facebook,3729.41
2024-08,US,USD,Google,1214.25
2024-08,US,USD,Email,1158.73
2024-08,US,USD,Affiliate,1004.59
2024-08,US,USD,TikTok,4478.66
2024-08,US,USD,Organic,313.83
2024-08,CA,CAD,Facebook,724.07
2024-08,CA,CAD,Google,1141.15
2024-08,CA,CAD,Email,1193.86
2024-08,CA,CAD,Affiliate,591.77
2024-08,CA,CAD,TikTok,1315.58
2024-08,CA,CAD,Organic,1053.02
2024-08,GB,GBP,Facebook,930.59
2024-08,GB,GBP,Google,274.15
2024-08,GB,GBP,Email,1515.85
2024-08,GB,GBP,Affiliate,1364.52
2024-08,GB,GBP,TikTok,841.49
2024-08,GB,GBP,Organic,568.79
2024-08,AU,AUD,Facebook,643.39
2024-08,AU,AUD,Google,994.14
2024-08,AU,AUD,Email,1201.24
2024-08,AU,AUD,Affiliate,750.57
2024-08,AU,AUD,TikTok,450.76
2024-08,AU,AUD,Organic,693.99
2024-08,DE,EUR,Facebook,216.5
2024-08,DE,EUR,Google,670.71
2024-08,DE,EUR,Email,1496.05
2024-08,DE,EUR,Affiliate,952.79
2024-08,DE,EUR,TikTok,352.92
2024-08,DE,EUR,Organic,1098.41
2024-08,FR,EUR,Facebook,293.08
2024-08,FR,EUR,Google,1774.2
2024-08,FR,EUR,Email,2007.31
2024-08,FR,EUR,Affiliate,485.06
2024-08,FR,EUR,TikTok,1389.31
2024-08,FR,EUR,Organic,978.75
2024-08,ES,EUR,Facebook,193.5
2024-08,ES,EUR,Google,221.87
2024-08,ES,EUR,Email,602.87
2024-08,ES,EUR,Affiliate,1216.66
2024-08,ES,EUR,TikTok,405.14
2024-08,ES,EUR,Organic,747.36
2024-08,IT,EUR,Facebook,1658.01
2024-08,IT,EUR,Google,1085.06
2024-08,IT,EUR,Email,1273.04
2024-08,IT,EUR,Affiliate,1750.91
2024-08,IT,EUR,TikTok,1224.95
2024-08,IT,EUR,Organic,672.61
2024-08,MX,MXN,Facebook,183.39
2024-08,MX,MXN,Google,806.34
2024-08,MX,MXN,Email,128.27
2024-08,MX,MXN,Affiliate,875.8
2024-08,MX,MXN,TikTok,542.66
2024-08,MX,MXN,Organic,1663.59
2024-08,BR,USD,Facebook,936.92
2024-08,BR,USD,Google,547.8
2024-08,BR,USD,Email,866.39
2024-08,BR,USD,Affiliate,1336.08
2024-08,BR,USD,TikTok,1137.04
2024-08,BR,USD,Organic,760.73
2024-09,US,USD,Facebook,1228.16
2024-09,US,USD,Google,2032.99
2024-09,US,USD,Email,604.87
2024-09,US,USD,Affiliate,1780.24
2024-09,US,USD,TikTok,1026.26
2024-09,US,USD,Organic,2522.93
2024-09,CA,CAD,Facebook,562.7
2024-09,CA,CAD,Google,506.96
2024-09,CA,CAD,Email,759.06
2024-09,CA,CAD,Affiliate,382.94
2024-09,CA,CAD,TikTok,549.15
2024-09,CA,CAD,Organic,1222.25
2024-09,GB,GBP,Facebook,1602.4
2024-09,GB,GBP,Google,509.89
2024-09,GB,GBP,Email,954.07
2024-09,GB,GBP,Affiliate,748.89
2024-09,GB,GBP,TikTok,775.9
2024-09,GB,GBP,Organic,1156.59
2024-09,AU,AUD,Facebook,659.12
2024-09,AU,AUD,Google,669.94
2024-09,AU,AUD,Email,1213.8
2024-09,AU,AUD,Affiliate,1218.37
2024-09,AU,AUD,TikTok,601.39
2024-09,AU,AUD,Organic,192.09
2024-09,DE,EUR,Facebook,66.68
2024-09,DE,EUR,Google,1468.96
2024-09,DE,EUR,Email,833.52
2024-09,DE,EUR,Affiliate,501.8
2024-09,DE,EUR,TikTok,426.64
2024-09,DE,EUR,Organic,727.25
2024-09,FR,EUR,Facebook,1033.88
2024-09,FR,EUR,Google,671.26
2024-09,FR,EUR,Email,731.19
2024-09,FR,EUR,Affiliate,1070.55
2024-09,FR,EUR,TikTok,1362.76
2024-09,FR,EUR,Organic,1116.55
2024-09,ES,EUR,Facebook,976.33
2024-09,ES,EUR,Google,628.92
2024-09,ES,EUR,Email,771.26
2024-09,ES,EUR,Affiliate,924.03
2024-09,ES,EUR,TikTok,394.29
2024-09,ES,EUR,Organic,715.92
2024-09,IT,EUR,Facebook,0.0
2024-09,IT,EUR,Google,1358.38
2024-09,IT,EUR,Email,833.96
2024-09,IT,EUR,Affiliate,978.27
2024-09,IT,EUR,TikTok,911.83
2024-09,IT,EUR,Organic,1042.26
2024-09,MX,MXN,Facebook,728.56
2024-09,MX,MXN,Google,842.8
2024-09,MX,MXN,Email,1442.34
2024-09,MX,MXN,Affiliate,797.31
2024-09,MX,MXN,TikTok,1152.33
2024-09,MX,MXN,Organic,953.39
2024-09,BR,USD,Facebook,724.32
2024-09,BR,USD,Google,1741.34
2024-09,BR,USD,Email,792.03
2024-09,BR,USD,Affiliate,845.72
2024-09,BR,USD,TikTok,564.97
2024-09,BR,USD,Organic,1412.39
2024-10,US,USD,Facebook,1741.47
2024-10,US,USD,Google,1194.92
2024-10,US,USD,Email,1882.56
2024-10,US,USD,Affiliate,2123.09
2024-10,US,USD,TikTok,414.15
2024-10,US,USD,Organic,1216.71
2024-10,CA,CAD,Facebook,1484.82
2024-10,CA,CAD,Google,1146.39
2024-10,CA,CAD,Email,168.16
2024-10,CA,CAD,Affiliate,1310.75
2024-10,CA,CAD,TikTok,790.86
2024-10,CA,CAD,Organic,568.06
2024-10,GB,GBP,Facebook,229.73
2024-10,GB,GBP,Google,350.71
2024-10,GB,GBP,Email,95.7
2024-10,GB,GBP,Affiliate,1699.03
2024-10,GB,GBP,TikTok,681.77
2024-10,GB,GBP,Organic,613.42
2024-10,AU,AUD,Facebook,1191.03
2024-10,AU,AUD,Google,1347.37
2024-10,AU,AUD,Email,233.81
2024-10,AU,AUD,Affiliate,680.86
2024-10,AU,AUD,TikTok,915.61
2024-10,AU,AUD,Organic,293.23
2024-10,DE,EUR,Facebook,759.07
2024-10,DE,EUR,Google,1249.1
2024-10,DE,EUR,Email,2129.28
2024-10,DE,EUR,Affiliate,808.63
2024-10,DE,EUR,TikTok,1331.29
2024-10,DE,EUR,Organic,184.32
2024-10,FR,EUR,Facebook,852.58
2024-10,FR,EUR,Google,1308.26
2024-10,FR,EUR,Email,996.58
2024-10,FR,EUR,Affiliate,1238.01
2024-10,FR,EUR,TikTok,962.92
2024-10,FR,EUR,Organic,1057.07
2024-10,ES,EUR,Facebook,1318.33
2024-10,ES,EUR,Google,736.79
2024-10,ES,EUR,Email,1430.17
2024-10,ES,EUR,Affiliate,424.31
2024-10,ES,EUR,TikTok,938.6
2024-10,ES,EUR,Organic,547.43
2024-10,IT,EUR,Facebook,546.13
2024-10,IT,EUR,Google,1070.77
2024-10,IT,EUR,Email,1776.82
2024-10,IT,EUR,Affiliate,1107.56
2024-10,IT,EUR,TikTok,761.49
2024-10,IT,EUR,Organic,659.95
2024-10,MX,MXN,Facebook,436.34
2024-10,MX,MXN,Google,578.58
2024-10,MX,MXN,Email,561.05
2024-10,MX,MXN,Affiliate,582.66
2024-10,MX,MXN,TikTok,1051.21
2024-10,MX,MXN,Organic,1553.37
2024-10,BR,USD,Facebook,890.97
2024-10,BR,USD,Google,430.44
2024-10,BR,USD,Email,910.81
2024-10,BR,USD,Affiliate,1114.86
2024-10,BR,USD,TikTok,544.93
2024-10,BR,USD,Organic,993.31
2024-11,US,USD,Facebook,830.14
2024-11,US,USD,Google,1869.16
2024-11,US,USD,Email,801.53
2024-11,US,USD,Affiliate,3027.26
2024-11,US,USD,TikTok,1930.27
2024-11,US,USD,Organic,2995.67
2024-11,CA,CAD,Facebook,0.0
2024-11,CA,CAD,Google,274.08
2024-11,CA,CAD,Email,333.5
2024-11,CA,CAD,Affiliate,970.44
2024-11,CA,CAD,TikTok,0.0
2024-11,CA,CAD,Organic,1572.54
2024-11,GB,GBP,Facebook,1271.4
2024-11,GB,GBP,Google,1425.99
2024-11,GB,GBP,Email,688.7
2024-11,GB,GBP,Affiliate,373.82
2024-11,GB,GBP,TikTok,1117.14
2024-11,GB,GBP,Organic,904.71
2024-11,AU,AUD,Facebook,629.6
2024-11,AU,AUD,Google,1249.68
2024-11,AU,AUD,Email,179.76
2024-11,AU,AUD,Affiliate,764.64
2024-11,AU,AUD,TikTok,746.85
2024-11,AU,AUD,Organic,1100.42
2024-11,DE,EUR,Facebook,72.77
2024-11,DE,EUR,Google,717.5
2024-11,DE,EUR,Email,229.2
2024-11,DE,EUR,Affiliate,302.04
2024-11,DE,EUR,TikTok,1584.35
2024-11,DE,EUR,Organic,340.86
2024-11,FR,EUR,Facebook,694.32
2024-11,FR,EUR,Google,666.66
2024-11,FR,EUR,Email,244.22
2024-11,FR,EUR,Affiliate,1132.73
2024-11,FR,EUR,TikTok,986.54
2024-11,FR,EUR,Organic,1141.99
2024-11,ES,EUR,Facebook,1387.81
2024-11,ES,EUR,Google,1920.35
2024-11,ES,EUR,Email,802.44
2024-11,ES,EUR,Affiliate,1114.7
2024-11,ES,EUR,TikTok,816.52
2024-11,ES,EUR,Organic,355.05
2024-11,IT,EUR,Facebook,1714.67
2024-11,IT,EUR,Google,339.22
2024-11,IT,EUR,Email,695.7
2024-11,IT,EUR,Affiliate,1622.82
2024-11,IT,EUR,TikTok,839.89
2024-11,IT,EUR,Organic,823.3
2024-11,MX,MXN,Facebook,452.17
2024-11,MX,MXN,Google,929.27
2024-11,MX,MXN,Email,214.03
2024-11,MX,MXN,Affiliate,1220.85
2024-11,MX,MXN,TikTok,314.06
2024-11,MX,MXN,Organic,600.74
2024-11,BR,USD,Facebook,1303.27
2024-11,BR,USD,Google,155.34
2024-11,BR,USD,Email,583.35
2024-11,BR,USD,Affiliate,1456.83
2024-11,BR,USD,TikTok,1346.31
2024-11,BR,USD,Organic,1214.06
2024-12,US,USD,Facebook,3298.81
2024-12,US,USD,Google,619.74
2024-12,US,USD,Email,1039.61
2024-12,US,USD,Affiliate,2539.28
2024-12,US,USD,TikTok,2215.79
2024-12,US,USD,Organic,3312.25
2024-12,CA,CAD,Facebook,952.17
2024-12,CA,CAD,Google,1207.53
2024-12,CA,CAD,Email,726.36
2024-12,CA,CAD,Affiliate,1512.94
2024-12,CA,CAD,TikTok,417.82
2024-12,CA,CAD,Organic,846.39
2024-12,GB,GBP,Facebook,1559.09
2024-12,GB,GBP,Google,1148.98
2024-12,GB,GBP,Email,622.25
2024-12,GB,GBP,Affiliate,647.76
2024-12,GB,GBP,TikTok,491.88
2024-12,GB,GBP,Organic,639.57
2024-12,AU,AUD,Facebook,788.15
2024-12,AU,AUD,Google,1579.71
2024-12,AU,AUD,Email,433.03
2024-12,AU,AUD,Affiliate,1200.02
2024-12,AU,AUD,TikTok,1268.88
2024-12,AU,AUD,Organic,47.14
2024-12,DE,EUR,Facebook,1075.99
2024-12,DE,EUR,Google,1054.75
2024-12,DE,EUR,Email,938.45
2024-12,DE,EUR,Affiliate,1071.77
2024-12,DE,EUR,TikTok,0.0
2024-12,DE,EUR,Organic,312.45
2024-12,FR,EUR,Facebook,1500.59
2024-12,FR,EUR,Google,513.51
2024-12,FR,EUR,Email,285.86
2024-12,FR,EUR,Affiliate,1663.4
2024-12,FR,EUR,TikTok,724.17
2024-12,FR,EUR,Organic,1101.96
2024-12,ES,EUR,Facebook,2006.42
2024-12,ES,EUR,Google,1821.31
2024-12,ES,EUR,Email,891.9
2024-12,ES,EUR,Affiliate,402.0
2024-12,ES,EUR,TikTok,933.44
2024-12,ES,EUR,Organic,0.0
2024-12,IT,EUR,Facebook,1398.49
2024-12,IT,EUR,Google,1787.82
2024-12,IT,EUR,Email,923.56
2024-12,IT,EUR,Affiliate,1496.6
2024-12,IT,EUR,TikTok,741.7
2024-12,IT,EUR,Organic,244.32
2024-12,MX,MXN,Facebook,1468.67
2024-12,MX,MXN,Google,782.04
2024-12,MX,MXN,Email,596.25
2024-12,MX,MXN,Affiliate,0.0
2024-12,MX,MXN,TikTok,518.59
2024-12,MX,MXN,Organic,858.38
2024-12,BR,USD,Facebook,315.01
2024-12,BR,USD,Google,305.67
2024-12,BR,USD,Email,1372.67
2024-12,BR,USD,Affiliate,1116.26
2024-12,BR,USD,TikTok,696.03
2024-12,BR,USD,Organic,200.82
2025-01,US,USD,Facebook,1511.27
2025-01,US,USD,Google,923.26
2025-01,US,USD,Email,410.95
2025-01,US,USD,Affiliate,425.49
2025-01,US,USD,TikTok,2360.82
2025-01,US,USD,Organic,3208.82
2025-01,CA,CAD,Facebook,514.13
2025-01,CA,CAD,Google,462.76
2025-01,CA,CAD,Email,2040.59
2025-01,CA,CAD,Affiliate,664.38
2025-01,CA,CAD,TikTok,154.39
2025-01,CA,CAD,Organic,1023.86
2025-01,GB,GBP,Facebook,1407.31
2025-01,GB,GBP,Google,1032.5
2025-01,GB,GBP,Email,994.61
2025-01,GB,GBP,Affiliate,499.37
2025-01,GB,GBP,TikTok,1073.8
2025-01,GB,GBP,Organic,1217.99
2025-01,AU,AUD,Facebook,558.36
2025-01,AU,AUD,Google,1332.73
2025-01,AU,AUD,Email,1449.4
2025-01,AU,AUD,Affiliate,447.52
2025-01,AU,AUD,TikTok,1236.46
2025-01,AU,AUD,Organic,470.75
2025-01,DE,EUR,Facebook,706.87
2025-01,DE,EUR,Google,329.81
2025-01,DE,EUR,Email,327.22
2025-01,DE,EUR,Affiliate,103.22
2025-01,DE,EUR,TikTok,1763.31
2025-01,DE,EUR,Organic,935.22
2025-01,FR,EUR,Facebook,1181.75
2025-01,FR,EUR,Google,955.82
2025-01,FR,EUR,Email,688.08
2025-01,FR,EUR,Affiliate,738.45
2025-01,FR,EUR,TikTok,888.93
2025-01,FR,EUR,Organic,1389.93
2025-01,ES,EUR,Facebook,157.04
2025-01,ES,EUR,Google,317.14
2025-01,ES,EUR,Email,280.64
2025-01,ES,EUR,Affiliate,1225.73
2025-01,ES,EUR,TikTok,895.3
2025-01,ES,EUR,Organic,466.9
2025-01,IT,EUR,Facebook,1675.62
2025-01,IT,EUR,Google,388.47
2025-01,IT,EUR,Email,1871.81
2025-01,IT,EUR,Affiliate,1382.07
2025-01,IT,EUR,TikTok,49.26
2025-01,IT,EUR,Organic,575.01
2025-01,MX,MXN,Facebook,0.0
2025-01,MX,MXN,Google,734.96
2025-01,MX,MXN,Email,708.56
2025-01,MX,MXN,Affiliate,476.74
2025-01,MX,MXN,TikTok,990.76
2025-01,MX,MXN,Organic,100.37
2025-01,BR,USD,Facebook,1343.81
2025-01,BR,USD,Google,806.29
2025-01,BR,USD,Email,394.67
2025-01,BR,USD,Affiliate,295.4
2025-01,BR,USD,TikTok,28.19
2025-01,BR,USD,Organic,628.6
2025-02,US,USD,Facebook,2170.95
2025-02,US,USD,Google,1746.8
2025-02,US,USD,Email,1310.03
2025-02,US,USD,Affiliate,1445.23
2025-02,US,USD,TikTok,3163.35
2025-02,US,USD,Organic,2909.59
2025-02,CA,CAD,Facebook,878.54
2025-02,CA,CAD,Google,978.86
2025-02,CA,CAD,Email,0.0
2025-02,CA,CAD,Affiliate,977.13
2025-02,CA,CAD,TikTok,216.6
2025-02,CA,CAD,Organic,714.27
2025-02,GB,GBP,Facebook,1186.42
2025-02,GB,GBP,Google,768.28
2025-02,GB,GBP,Email,38.44
2025-02,GB,GBP,Affiliate,1019.57
2025-02,GB,GBP,TikTok,1760.4
2025-02,GB,GBP,Organic,730.38
2025-02,AU,AUD,Facebook,568.49
2025-02,AU,AUD,Google,1358.85
2025-02,AU,AUD,Email,309.97
2025-02,AU,AUD,Affiliate,1016.92
2025-02,AU,AUD,TikTok,244.5
2025-02,AU,AUD,Organic,702.24
2025-02,DE,EUR,Facebook,1010.69
2025-02,DE,EUR,Google,1101.91
2025-02,DE,EUR,Email,550.65
2025-02,DE,EUR,Affiliate,337.11
2025-02,DE,EUR,TikTok,0.0
2025-02,DE,EUR,Organic,919.0
2025-02,FR,EUR,Facebook,703.42
2025-02,FR,EUR,Google,1154.55
2025-02,FR,EUR,Email,694.77
2025-02,FR,EUR,Affiliate,1068.94
2025-02,FR,EUR,TikTok,970.38
2025-02,FR,EUR,Organic,256.73
2025-02,ES,EUR,Facebook,1982.81
2025-02,ES,EUR,Google,1049.88
2025-02,ES,EUR,Email,169.95
2025-02,ES,EUR,Affiliate,0.0
2025-02,ES,EUR,TikTok,1275.85
2025-02,ES,EUR,Organic,860.28
2025-02,IT,EUR,Facebook,547.19
2025-02,IT,EUR,Google,1369.77
2025-02,IT,EUR,Email,806.26
2025-02,IT,EUR,Affiliate,0.0
2025-02,IT,EUR,TikTok,675.07
2025-02,IT,EUR,Organic,996.8
2025-02,MX,MXN,Facebook,0.0
2025-02,MX,MXN,Google,0.0
2025-02,MX,MXN,Email,1283.11
2025-02,MX,MXN,Affiliate,1279.57
2025-02,MX,MXN,TikTok,1096.76
2025-02,MX,MXN,Organic,328.5
2025-02,BR,USD,Facebook,736.13
2025-02,BR,USD,Google,1216.81
2025-02,BR,USD,Email,914.73
2025-02,BR,USD,Affiliate,1593.62
2025-02,BR,USD,TikTok,406.32
2025-02,BR,USD,Organic,561.66
2025-03,US,USD,Facebook,36.86
2025-03,US,USD,Google,1014.58
2025-03,US,USD,Email,2105.59
2025-03,US,USD,Affiliate,1764.05
2025-03,US,USD,TikTok,346.91
2025-03,US,USD,Organic,5315.69
2025-03,CA,CAD,Facebook,0.0
2025-03,CA,CAD,Google,241.37
2025-03,CA,CAD,Email,573.43
2025-03,CA,CAD,Affiliate,1247.1
2025-03,CA,CAD,TikTok,197.97
2025-03,CA,CAD,Organic,584.2
2025-03,GB,GBP,Facebook,869.57
2025-03,GB,GBP,Google,979.63
2025-03,GB,GBP,Email,749.93
2025-03,GB,GBP,Affiliate,898.35
2025-03,GB,GBP,TikTok,509.91
2025-03,GB,GBP,Organic,997.55
2025-03,AU,AUD,Facebook,452.37
2025-03,AU,AUD,Google,644.47
2025-03,AU,AUD,Email,163.54
2025-03,AU,AUD,Affiliate,931.46
2025-03,AU,AUD,TikTok,940.86
2025-03,AU,AUD,Organic,1290.56
2025-03,DE,EUR,Facebook,1288.33
2025-03,DE,EUR,Google,104.04
2025-03,DE,EUR,Email,1036.01
2025-03,DE,EUR,Affiliate,599.0
2025-03,DE,EUR,TikTok,1455.08
2025-03,DE,EUR,Organic,1459.4
2025-03,FR,EUR,Facebook,552.84
2025-03,FR,EUR,Google,383.52
2025-03,FR,EUR,Email,269.98
2025-03,FR,EUR,Affiliate,750.03
2025-03,FR,EUR,TikTok,1088.95
2025-03,FR,EUR,Organic,908.43
2025-03,ES,EUR,Facebook,744.51
2025-03,ES,EUR,Google,964.53
2025-03,ES,EUR,Email,1436.68
2025-03,ES,EUR,Affiliate,510.42
2025-03,ES,EUR,TikTok,1594.2
2025-03,ES,EUR,Organic,974.09
2025-03,IT,EUR,Facebook,124.33
2025-03,IT,EUR,Google,1134.47
2025-03,IT,EUR,Email,207.82
2025-03,IT,EUR,Affiliate,1072.78
2025-03,IT,EUR,TikTok,1311.85
2025-03,IT,EUR,Organic,528.51
2025-03,MX,MXN,Facebook,790.16
2025-03,MX,MXN,Google,1194.32
2025-03,MX,MXN,Email,139.09
2025-03,MX,MXN,Affiliate,1082.57
2025-03,MX,MXN,TikTok,863.44
2025-03,MX,MXN,Organic,573.69
2025-03,BR,USD,Facebook,1301.85
2025-03,BR,USD,Google,320.71
2025-03,BR,USD,Email,150.84
2025-03,BR,USD,Affiliate,1651.34
2025-03,BR,USD,TikTok,929.11
2025-03,BR,USD,Organic,767.21
2025-04,US,USD,Facebook,3364.85
2025-04,US,USD,Google,1182.83
2025-04,US,USD,Email,1392.12
2025-04,US,USD,Affiliate,1912.8
2025-04,US,USD,TikTok,315.08
2025-04,US,USD,Organic,2513.66
2025-04,CA,CAD,Facebook,543.71
2025-04,CA,CAD,Google,1041.82
2025-04,CA,CAD,Email,607.77
2025-04,CA,CAD,Affiliate,1114.27
2025-04,CA,CAD,TikTok,1573.08
2025-04,CA,CAD,Organic,787.85
2025-04,GB,GBP,Facebook,1043.83
2025-04,GB,GBP,Google,922.78
2025-04,GB,GBP,Email,1336.7
2025-04,GB,GBP,Affiliate,912.38
2025-04,GB,GBP,TikTok,867.26
2025-04,GB,GBP,Organic,887.02
2025-04,AU,AUD,Facebook,520.28
2025-04,AU,AUD,Google,1996.85
2025-04,AU,AUD,Email,697.15
2025-04,AU,AUD,Affiliate,891.32
2025-04,AU,AUD,TikTok,1418.59
2025-04,AU,AUD,Organic,368.04
2025-04,DE,EUR,Facebook,1037.28
2025-04,DE,EUR,Google,1526.98
2025-04,DE,EUR,Email,351.51
2025-04,DE,EUR,Affiliate,1013.82
2025-04,DE,EUR,TikTok,1149.49
2025-04,DE,EUR,Organic,328.98
2025-04,FR,EUR,Facebook,750.97
2025-04,FR,EUR,Google,747.72
2025-04,FR,EUR,Email,622.85
2025-04,FR,EUR,Affiliate,734.38
2025-04,FR,EUR,TikTok,1173.63
2025-04,FR,EUR,Organic,2102.25
2025-04,ES,EUR,Facebook,786.8
2025-04,ES,EUR,Google,789.86
2025-04,ES,EUR,Email,1250.58
2025-04,ES,EUR,Affiliate,0.0
2025-04,ES,EUR,TikTok,1066.15
2025-04,ES,EUR,Organic,443.63
2025-04,IT,EUR,Facebook,804.1
2025-04,IT,EUR,Google,1627.03
2025-04,IT,EUR,Email,503.44
2025-04,IT,EUR,Affiliate,964.79
2025-04,IT,EUR,TikTok,753.85
2025-04,IT,EUR,Organic,982.6
2025-04,MX,MXN,Facebook,1400.61
2025-04,MX,MXN,Google,854.49
2025-04,MX,MXN,Email,829.16
2025-04,MX,MXN,Affiliate,922.1
2025-04,MX,MXN,TikTok,1025.07
2025-04,MX,MXN,Organic,282.15
2025-04,BR,USD,Facebook,1618.56
2025-04,BR,USD,Google,227.91
2025-04,BR,USD,Email,229.14
2025-04,BR,USD,Affiliate,1111.96
2025-04,BR,USD,TikTok,1113.02
2025-04,BR,USD,Organic,497.33
2025-05,US,USD,Facebook,1968.37
2025-05,US,USD,Google,2560.21
2025-05,US,USD,Email,1099.1
2025-05,US,USD,Affiliate,3547.67
2025-05,US,USD,TikTok,1391.57
2025-05,US,USD,Organic,3370.1
2025-05,CA,CAD,Facebook,0.0
2025-05,CA,CAD,Google,1071.12
2025-05,CA,CAD,Email,0.0
2025-05,CA,CAD,Affiliate,1253.04
2025-05,CA,CAD,TikTok,1135.24
2025-05,CA,CAD,Organic,544.19
2025-05,GB,GBP,Facebook,390.21
2025-05,GB,GBP,Google,750.02
2025-05,GB,GBP,Email,1447.41
2025-05,GB,GBP,Affiliate,509.01
2025-05,GB,GBP,TikTok,1010.13
2025-05,GB,GBP,Organic,0.0
2025-05,AU,AUD,Facebook,237.92
2025-05,AU,AUD,Google,265.95
2025-05,AU,AUD,Email,387.88
2025-05,AU,AUD,Affiliate,513.72
2025-05,AU,AUD,TikTok,68.13
2025-05,AU,AUD,Organic,0.0
2025-05,DE,EUR,Facebook,178.85
2025-05,DE,EUR,Google,1333.08
2025-05,DE,EUR,Email,1216.89
2025-05,DE,EUR,Affiliate,533.43
2025-05,DE,EUR,TikTok,1723.74
2025-05,DE,EUR,Organic,655.02
2025-05,FR,EUR,Facebook,574.14
2025-05,FR,EUR,Google,1376.08
2025-05,FR,EUR,Email,670.31
2025-05,FR,EUR,Affiliate,0.0
2025-05,FR,EUR,TikTok,910.89
2025-05,FR,EUR,Organic,0.0
2025-05,ES,EUR,Facebook,1751.77
2025-05,ES,EUR,Google,227.86
2025-05,ES,EUR,Email,818.57
2025-05,ES,EUR,Affiliate,1617.74
2025-05,ES,EUR,TikTok,567.31
2025-05,ES,EUR,Organic,49.33
2025-05,IT,EUR,Facebook,451.02
2025-05,IT,EUR,Google,243.68
2025-05,IT,EUR,Email,670.78
2025-05,IT,EUR,Affiliate,486.7
2025-05,IT,EUR,TikTok,614.85
2025-05,IT,EUR,Organic,1615.18
2025-05,MX,MXN,Facebook,1258.87
2025-05,MX,MXN,Google,906.49
2025-05,MX,MXN,Email,308.44
2025-05,MX,MXN,Affiliate,591.17
2025-05,MX,MXN,TikTok,217.5
2025-05,MX,MXN,Organic,679.0
2025-05,BR,USD,Facebook,425.72
2025-05,BR,USD,Google,433.88
2025-05,BR,USD,Email,991.31
2025-05,BR,USD,Affiliate,861.51
2025-05,BR,USD,TikTok,1422.88
2025-05,BR,USD,Organic,0.0
2025-06,US,USD,Facebook,611.2
2025-06,US,USD,Google,2008.7
2025-06,US,USD,Email,1593.86
2025-06,US,USD,Affiliate,1184.94
2025-06,US,USD,TikTok,2853.35
2025-06,US,USD,Organic,2250.57
2025-06,CA,CAD,Facebook,1080.67
2025-06,CA,CAD,Google,400.9
2025-06,CA,CAD,Email,0.0
2025-06,CA,CAD,Affiliate,1470.44
2025-06,CA,CAD,TikTok,227.37
2025-06,CA,CAD,Organic,621.24
2025-06,GB,GBP,Facebook,445.6
2025-06,GB,GBP,Google,1242.15
2025-06,GB,GBP,Email,411.08
2025-06,GB,GBP,Affiliate,1441.16
2025-06,GB,GBP,TikTok,520.17
2025-06,GB,GBP,Organic,682.95
2025-06,AU,AUD,Facebook,722.17
2025-06,AU,AUD,Google,1068.95
2025-06,AU,AUD,Email,936.4
2025-06,AU,AUD,Affiliate,692.01
2025-06,AU,AUD,TikTok,382.1
2025-06,AU,AUD,Organic,574.48
2025-06,DE,EUR,Facebook,1088.7
2025-06,DE,EUR,Google,397.91
2025-06,DE,EUR,Email,404.38
2025-06,DE,EUR,Affiliate,722.32
2025-06,DE,EUR,TikTok,0.0
2025-06,DE,EUR,Organic,850.48
2025-06,FR,EUR,Facebook,449.68
2025-06,FR,EUR,Google,1630.73
2025-06,FR,EUR,Email,792.97
2025-06,FR,EUR,Affiliate,879.35
2025-06,FR,EUR,TikTok,711.97
2025-06,FR,EUR,Organic,1100.63
2025-06,ES,EUR,Facebook,513.82
2025-06,ES,EUR,Google,777.39
2025-06,ES,EUR,Email,598.49
2025-06,ES,EUR,Affiliate,657.46
2025-06,ES,EUR,TikTok,735.93
2025-06,ES,EUR,Organic,832.49
2025-06,IT,EUR,Facebook,598.35
2025-06,IT,EUR,Google,1534.18
2025-06,IT,EUR,Email,581.02
2025-06,IT,EUR,Affiliate,800.97
2025-06,IT,EUR,TikTok,1140.62
2025-06,IT,EUR,Organic,0.0
2025-06,MX,MXN,Facebook,1043.9
2025-06,MX,MXN,Google,906.94
2025-06,MX,MXN,Email,223.07
2025-06,MX,MXN,Affiliate,380.07
2025-06,MX,MXN,TikTok,987.49
2025-06,MX,MXN,Organic,740.26
2025-06,BR,USD,Facebook,1149.35
2025-06,BR,USD,Google,492.68
2025-06,BR,USD,Email,1438.96
2025-06,BR,USD,Affiliate,827.78
2025-06,BR,USD,TikTok,372.7
2025-06,BR,USD,Organic,933.96
2025-07,US,USD,Facebook,2680.41
2025-07,US,USD,Google,1524.39
2025-07,US,USD,Email,3912.44
2025-07,US,USD,Affiliate,1420.49
2025-07,US,USD,TikTok,0.0
2025-07,US,USD,Organic,2854.58
2025-07,CA,CAD,Facebook,0.0
2025-07,CA,CAD,Google,1724.51
2025-07,CA,CAD,Email,797.05
2025-07,CA,CAD,Affiliate,845.22
2025-07,CA,CAD,TikTok,247.74
2025-07,CA,CAD,Organic,691.09
2025-07,GB,GBP,Facebook,702.41
2025-07,GB,GBP,Google,604.51
2025-07,GB,GBP,Email,302.22
2025-07,GB,GBP,Affiliate,987.04
2025-07,GB,GBP,TikTok,247.17
2025-07,GB,GBP,Organic,1484.19
2025-07,AU,AUD,Facebook,2219.58
2025-07,AU,AUD,Google,664.2
2025-07,AU,AUD,Email,1297.69
2025-07,AU,AUD,Affiliate,937.63
2025-07,AU,AUD,TikTok,848.39
2025-07,AU,AUD,Organic,1489.54
2025-07,DE,EUR,Facebook,628.26
2025-07,DE,EUR,Google,1103.3
2025-07,DE,EUR,Email,634.95
2025-07,DE,EUR,Affiliate,644.51
2025-07,DE,EUR,TikTok,20.41
2025-07,DE,EUR,Organic,532.85
2025-07,FR,EUR,Facebook,1458.5
2025-07,FR,EUR,Google,1121.83
2025-07,FR,EUR,Email,1176.18
2025-07,FR,EUR,Affiliate,274.91
2025-07,FR,EUR,TikTok,344.69
2025-07,FR,EUR,Organic,643.02
2025-07,ES,EUR,Facebook,851.05
2025-07,ES,EUR,Google,1281.39
2025-07,ES,EUR,Email,939.36
2025-07,ES,EUR,Affiliate,1218.05
2025-07,ES,EUR,TikTok,219.02
2025-07,ES,EUR,Organic,104.12
2025-07,IT,EUR,Facebook,298.63
2025-07,IT,EUR,Google,753.84
2025-07,IT,EUR,Email,484.44
2025-07,IT,EUR,Affiliate,909.55
2025-07,IT,EUR,TikTok,1753.51
2025-07,IT,EUR,Organic,1732.89
2025-07,MX,MXN,Facebook,292.83
2025-07,MX,MXN,Google,322.6
2025-07,MX,MXN,Email,1014.92
2025-07,MX,MXN,Affiliate,986.07
2025-07,MX,MXN,TikTok,248.57
2025-07,MX,MXN,Organic,783.63
2025-07,BR,USD,Facebook,0.0
2025-07,BR,USD,Google,867.04
2025-07,BR,USD,Email,1190.39
2025-07,BR,USD,Affiliate,179.51
2025-07,BR,USD,TikTok,1050.46
2025-07,BR,USD,Organic,195.6
2025-08,US,USD,Facebook,2126.52
2025-08,US,USD,Google,2402.6
2025-08,US,USD,Email,1868.67
2025-08,US,USD,Affiliate,3641.59
2025-08,US,USD,TikTok,2573.57
2025-08,US,USD,Organic,2125.76
2025-08,CA,CAD,Facebook,0.0
2025-08,CA,CAD,Google,1377.58
2025-08,CA,CAD,Email,552.9
2025-08,CA,CAD,Affiliate,550.59
2025-08,CA,CAD,TikTok,89.11
2025-08,CA,CAD,Organic,380.66
2025-08,GB,GBP,Facebook,936.69
2025-08,GB,GBP,Google,1480.99
2025-08,GB,GBP,Email,531.75
2025-08,GB,GBP,Affiliate,390.16
2025-08,GB,GBP,TikTok,960.99
2025-08,GB,GBP,Organic,1522.01
2025-08,AU,AUD,Facebook,548.89
2025-08,AU,AUD,Google,631.18
2025-08,AU,AUD,Email,1447.6
2025-08,AU,AUD,Affiliate,1308.94
2025-08,AU,AUD,TikTok,833.86
2025-08,AU,AUD,Organic,821.78
2025-08,DE,EUR,Facebook,409.22
2025-08,DE,EUR,Google,1354.07
2025-08,DE,EUR,Email,0.0
2025-08,DE,EUR,Affiliate,1404.76
2025-08,DE,EUR,TikTok,1075.79
2025-08,DE,EUR,Organic,1504.58
2025-08,FR,EUR,Facebook,305.21
2025-08,FR,EUR,Google,516.87
2025-08,FR,EUR,Email,599.42
2025-08,FR,EUR,Affiliate,901.83
2025-08,FR,EUR,TikTok,837.06
2025-08,FR,EUR,Organic,647.89
2025-08,ES,EUR,Facebook,255.58
2025-08,ES,EUR,Google,1332.98
2025-08,ES,EUR,Email,1303.6
2025-08,ES,EUR,Affiliate,1040.75
2025-08,ES,EUR,TikTok,1001.83
2025-08,ES,EUR,Organic,675.14
2025-08,IT,EUR,Facebook,700.53
2025-08,IT,EUR,Google,1073.02
2025-08,IT,EUR,Email,428.79
2025-08,IT,EUR,Affiliate,1128.51
2025-08,IT,EUR,TikTok,1121.18
2025-08,IT,EUR,Organic,1084.33
2025-08,MX,MXN,Facebook,586.06
2025-08,MX,MXN,Google,0.0
2025-08,MX,MXN,Email,895.56
2025-08,MX,MXN,Affiliate,1529.98
2025-08,MX,MXN,TikTok,523.53
2025-08,MX,MXN,Organic,1157.69
2025-08,BR,USD,Facebook,1048.45
2025-08,BR,USD,Google,229.51
2025-08,BR,USD,Email,60.98
2025-08,BR,USD,Affiliate,302.54
2025-08,BR,USD,TikTok,1590.46
2025-08,BR,USD,Organic,121.03
2025-09,US,USD,Facebook,4155.96
2025-09,US,USD,Google,2526.65
2025-09,US,USD,Email,2549.41
2025-09,US,USD,Affiliate,0.0
2025-09,US,USD,TikTok,411.81
2025-09,US,USD,Organic,2795.07
2025-09,CA,CAD,Facebook,374.46
2025-09,CA,CAD,Google,1375.46
2025-09,CA,CAD,Email,2096.69
2025-09,CA,CAD,Affiliate,1425.35
2025-09,CA,CAD,TikTok,1291.58
2025-09,CA,CAD,Organic,1030.03
2025-09,GB,GBP,Facebook,931.34
2025-09,GB,GBP,Google,187.23
2025-09,GB,GBP,Email,1630.96
2025-09,GB,GBP,Affiliate,860.58
2025-09,GB,GBP,TikTok,1248.97
2025-09,GB,GBP,Organic,396.42
2025-09,AU,AUD,Facebook,1157.28
2025-09,AU,AUD,Google,1153.67
2025-09,AU,AUD,Email,325.81
2025-09,AU,AUD,Affiliate,1331.36
2025-09,AU,AUD,TikTok,1234.71
2025-09,AU,AUD,Organic,1149.17
2025-09,DE,EUR,Facebook,858.12
2025-09,DE,EUR,Google,1680.29
2025-09,DE,EUR,Email,706.38
2025-09,DE,EUR,Affiliate,492.3
2025-09,DE,EUR,TikTok,950.04
2025-09,DE,EUR,Organic,574.87
2025-09,FR,EUR,Facebook,789.63
2025-09,FR,EUR,Google,139.97
2025-09,FR,EUR,Email,515.37
2025-09,FR,EUR,Affiliate,870.33
2025-09,FR,EUR,TikTok,1356.55
2025-09,FR,EUR,Organic,683.96
2025-09,ES,EUR,Facebook,280.03
2025-09,ES,EUR,Google,562.23
2025-09,ES,EUR,Email,1202.04
2025-09,ES,EUR,Affiliate,1178.53
2025-09,ES,EUR,TikTok,323.89
2025-09,ES,EUR,Organic,760.79
2025-09,IT,EUR,Facebook,1091.18
2025-09,IT,EUR,Google,530.71
2025-09,IT,EUR,Email,896.31
2025-09,IT,EUR,Affiliate,1698.78
2025-09,IT,EUR,TikTok,789.48
2025-09,IT,EUR,Organic,822.84
2025-09,MX,MXN,Facebook,635.22
2025-09,MX,MXN,Google,607.45
2025-09,MX,MXN,Email,531.42
2025-09,MX,MXN,Affiliate,1259.55
2025-09,MX,MXN,TikTok,925.88
2025-09,MX,MXN,Organic,491.36
2025-09,BR,USD,Facebook,1001.64
2025-09,BR,USD,Google,2334.77
2025-09,BR,USD,Email,1396.53
2025-09,BR,USD,Affiliate,953.34
2025-09,BR,USD,TikTok,1434.23
2025-09,BR,USD,Organic,560.26
2025-10,US,USD,Facebook,2765.3
2025-10,US,USD,Google,3511.84
2025-10,US,USD,Email,1388.92
2025-10,US,USD,Affiliate,3730.86
2025-10,US,USD,TikTok,1047.89
2025-10,US,USD,Organic,1963.01
2025-10,CA,CAD,Facebook,733.5
2025-10,CA,CAD,Google,128.05
2025-10,CA,CAD,Email,319.3
2025-10,CA,CAD,Affiliate,269.84
2025-10,CA,CAD,TikTok,253.58
2025-10,CA,CAD,Organic,551.79
2025-10,GB,GBP,Facebook,432.96
2025-10,GB,GBP,Google,813.75
2025-10,GB,GBP,Email,736.89
2025-10,GB,GBP,Affiliate,1067.91
2025-10,GB,GBP,TikTok,930.23
2025-10,GB,GBP,Organic,1077.65
2025-10,AU,AUD,Facebook,92.66
2025-10,AU,AUD,Google,544.52
2025-10,AU,AUD,Email,804.84
2025-10,AU,AUD,Affiliate,579.91
2025-10,AU,AUD,TikTok,668.83
2025-10,AU,AUD,Organic,1176.23
2025-10,DE,EUR,Facebook,628.93
2025-10,DE,EUR,Google,906.9
2025-10,DE,EUR,Email,985.0
2025-10,DE,EUR,Affiliate,611.75
2025-10,DE,EUR,TikTok,959.51
2025-10,DE,EUR,Organic,918.01
2025-10,FR,EUR,Facebook,719.04
2025-10,FR,EUR,Google,1087.6
2025-10,FR,EUR,Email,994.05
2025-10,FR,EUR,Affiliate,978.12
2025-10,FR,EUR,TikTok,352.03
2025-10,FR,EUR,Organic,675.13
2025-10,ES,EUR,Facebook,1254.6
2025-10,ES,EUR,Google,1561.13
2025-10,ES,EUR,Email,27.22
2025-10,ES,EUR,Affiliate,469.93
2025-10,ES,EUR,TikTok,1700.63
2025-10,ES,EUR,Organic,1261.92
2025-10,IT,EUR,Facebook,589.13
2025-10,IT,EUR,Google,1062.7
2025-10,IT,EUR,Email,819.39
2025-10,IT,EUR,Affiliate,1222.15
2025-10,IT,EUR,TikTok,1039.86
2025-10,IT,EUR,Organic,1292.54
2025-10,MX,MXN,Facebook,960.64
2025-10,MX,MXN,Google,293.81
2025-10,MX,MXN,Email,434.32
2025-10,MX,MXN,Affiliate,634.91
2025-10,MX,MXN,TikTok,1035.65
2025-10,MX,MXN,Organic,0.0
2025-10,BR,USD,Facebook,2094.99
2025-10,BR,USD,Google,1205.16
2025-10,BR,USD,Email,1292.02
2025-10,BR,USD,Affiliate,242.34
2025-10,BR,USD,TikTok,869.25
2025-10,BR,USD,Organic,2068.11
