product_id,sku,product_name,brand,category,price_usd
1,SKU000001,Prod 1,BrandF,Accessories,27.06
2,SKU000002,Prod 2,BrandK,Bottoms,18.49
3,SKU000003,Prod 3,BrandC,Outerwear,29.62
4,SKU000004,Prod 4,BrandH,Dresses,50.09
5,SKU000005,Prod 5,BrandC,Shoes,17.45
6,SKU000006,Prod 6,BrandL,Shoes,17.45
7,SKU000007,Prod 7,BrandB,Dresses,51.81
8,SKU000008,Prod 8,BrandC,Dresses,31.83
9,SKU000009,Prod 9,BrandK,Bottoms,15.15
10,SKU000010,Prod 10,BrandF,Shoes,27.81
11,SKU000011,Prod 11,BrandB,Dresses,15.21
12,SKU000012,Prod 12,BrandH,Accessories,15.19
13,SKU000013,Prod 13,BrandA,Accessories,23.22
14,SKU000014,Prod 14,BrandG,Shoes,6.37
15,SKU000015,Prod 15,BrandB,Dresses,7.14
16,SKU000016,Prod 16,BrandJ,Bottoms,14.33
17,SKU000017,Prod 17,BrandL,Bottoms,10.94
18,SKU000018,Prod 18,BrandF,Bottoms,24.25
19,SKU000019,Prod 19,BrandL,Tops,11.65
20,SKU000020,Prod 20,BrandB,Shoes,8.61
21,SKU000021,Prod 21,BrandB,Bottoms,48.39
22,SKU000022,Prod 22,BrandJ,Accessories,17.54
23,SKU000023,Prod 23,BrandH,Dresses,20.92
24,SKU000024,Prod 24,BrandL,Outerwear,8.54
25,SKU000025,Prod 25,BrandB,Outerwear,14.49
26,SKU000026,Prod 26,BrandG,Bottoms,21.47
27,SKU000027,Prod 27,BrandC,Outerwear,10.07
28,SKU000028,Prod 28,BrandH,Outerwear,25.16
29,SKU000029,Prod 29,BrandG,Tops,14.01
30,SKU000030,Prod 30,BrandH,Accessories,16.86
31,SKU000031,Prod 31,BrandG,Accessories,14.0
32,SKU000032,Prod 32,BrandK,Tops,61.03
33,SKU000033,Prod 33,BrandF,Tops,19.92
34,SKU000034,Prod 34,BrandG,Outerwear,10.65
35,SKU000035,Prod 35,BrandE,Shoes,32.9
36,SKU000036,Prod 36,BrandG,Dresses,9.66
37,SKU000037,Prod 37,BrandA,Dresses,22.77
38,SKU000038,Prod 38,BrandA,Outerwear,6.2
39,SKU000039,Prod 39,BrandI,Dresses,9.05
40,SKU000040,Prod 40,BrandE,Tops,22.6
41,SKU000041,Prod 41,BrandE,Accessories,31.28
42,SKU000042,Prod 42,BrandC,Dresses,22.26
43,SKU000043,Prod 43,BrandE,Outerwear,18.74
44,SKU000044,Prod 44,BrandC,Shoes,16.77
45,SKU000045,Prod 45,BrandI,Outerwear,8.27
46,SKU000046,Prod 46,BrandI,Bottoms,13.04
47,SKU000047,Prod 47,BrandF,Outerwear,15.24
48,SKU000048,Prod 48,BrandA,Tops,37.87
49,SKU000049,Prod 49,BrandG,Accessories,24.68
50,SKU000050,Prod 50,BrandG,Accessories,6.97
51,SKU000051,Prod 51,BrandJ,Dresses,24.4
52,SKU000052,Prod 52,BrandJ,Tops,15.94
53,SKU000053,Prod 53,BrandD,Bottoms,13.38
54,SKU000054,Prod 54,BrandH,Tops,28.99
55,SKU000055,Prod 55,BrandF,Outerwear,37.29
56,SKU000056,Prod 56,BrandD,Tops,35.12
57,SKU000057,Prod 57,BrandD,Tops,12.14
58,SKU000058,Prod 58,BrandB,Bottoms,16.68
59,SKU000059,Prod 59,BrandB,Outerwear,24.5
60,SKU000060,Prod 60,BrandL,Shoes,36.07
61,SKU000061,Prod 61,BrandD,Shoes,15.07
62,SKU000062,Prod 62,BrandE,Accessories,17.97
63,SKU000063,Prod 63,BrandH,Dresses,10.34
64,SKU000064,Prod 64,BrandF,Tops,9.8
65,SKU000065,Prod 65,BrandD,Accessories,32.7
66,SKU000066,Prod 66,BrandK,Bottoms,45.32
67,SKU000067,Prod 67,BrandG,Shoes,19.24
68,SKU000068,Prod 68,BrandH,Tops,36.68
69,SKU000069,Prod 69,BrandB,Bottoms,24.95
70,SKU000070,Prod 70,BrandL,Dresses,13.64
71,SKU000071,Prod 71,BrandG,Bottoms,24.95
72,SKU000072,Prod 72,BrandB,Tops,50.54
73,SKU000073,Prod 73,BrandB,Dresses,19.66
74,SKU000074,Prod 74,BrandH,Bottoms,51.36
75,SKU000075,Prod 75,BrandB,Dresses,4.17
76,SKU000076,Prod 76,BrandK,Tops,32.89
77,SKU000077,Prod 77,BrandI,Tops,21.16
78,SKU000078,Prod 78,BrandL,Dresses,16.79
79,SKU000079,Prod 79,BrandA,Outerwear,21.22
80,SKU000080,Prod 80,BrandI,Accessories,6.09
81,SKU000081,Prod 81,BrandA,Bottoms,17.61
82,SKU000082,Prod 82,BrandJ,Bottoms,24.89
83,SKU000083,Prod 83,BrandJ,Outerwear,48.75
84,SKU000084,Prod 84,BrandB,Outerwear,14.72
85,SKU000085,Prod 85,BrandF,Outerwear,12.37
86,SKU000086,Prod 86,BrandF,Shoes,14.86
87,SKU000087,Prod 87,BrandA,Shoes,34.79
88,SKU000088,Prod 88,BrandG,Dresses,24.47
89,SKU000089,Prod 89,BrandH,Shoes,14.62
90,SKU000090,Prod 90,BrandB,Tops,27.33
91,SKU000091,Prod 91,BrandH,Dresses,21.29
92,SKU000092,Prod 92,BrandI,Bottoms,35.92
93,SKU000093,Prod 93,BrandF,Accessories,13.18
94,SKU000094,Prod 94,BrandE,Tops,16.5
95,SKU000095,Prod 95,BrandL,Bottoms,15.87
96,SKU000096,Prod 96,BrandI,Bottoms,8.35
97,SKU000097,Prod 97,BrandL,Dresses,23.99
98,SKU000098,Prod 98,BrandK,Outerwear,23.49
99,SKU000099,Prod 99,BrandI,Outerwear,20.15
100,SKU000100,Prod 100,BrandA,Tops,17.45
101,SKU000101,Prod 101,BrandK,Outerwear,8.59
102,SKU000102,Prod 102,BrandC,Bottoms,15.61
103,SKU000103,Prod 103,BrandI,Outerwear,16.35
104,SKU000104,Prod 104,BrandK,Shoes,12.41
105,SKU000105,Prod 105,BrandB,Outerwear,18.23
106,SKU000106,Prod 106,BrandL,Bottoms,25.6
107,SKU000107,Prod 107,BrandD,Dresses,62.28
108,SKU000108,Prod 108,BrandD,Tops,22.3
109,SKU000109,Prod 109,BrandB,Accessories,23.44
110,SKU000110,Prod 110,BrandC,Outerwear,19.21
111,SKU000111,Prod 111,BrandC,Bottoms,6.35
112,SKU000112,Prod 112,BrandA,Accessories,19.77
113,SKU000113,Prod 113,BrandF,Accessories,20.82
114,SKU000114,Prod 114,BrandH,Shoes,88.05
115,SKU000115,Prod 115,BrandL,Accessories,17.9
116,SKU000116,Prod 116,BrandC,Dresses,24.07
117,SKU000117,Prod 117,BrandE,Bottoms,19.67
118,SKU000118,Prod 118,BrandA,Bottoms,9.96
119,SKU000119,Prod 119,BrandJ,Outerwear,39.87
120,SKU000120,Prod 120,BrandG,Outerwear,31.54
121,SKU000121,Prod 121,BrandJ,Outerwear,32.29
122,SKU000122,Prod 122,BrandA,Dresses,11.64
123,SKU000123,Prod 123,BrandL,Accessories,46.6
124,SKU000124,Prod 124,BrandK,Accessories,8.66
125,SKU000125,Prod 125,BrandI,Shoes,28.56
126,SKU000126,Prod 126,BrandH,Dresses,74.76
127,SKU000127,Prod 127,BrandG,Outerwear,11.09
128,SKU000128,Prod 128,BrandJ,Tops,14.3
129,SKU000129,Prod 129,BrandG,Shoes,21.32
130,SKU000130,Prod 130,BrandE,Tops,14.85
131,SKU000131,Prod 131,BrandE,Accessories,7.92
132,SKU000132,Prod 132,BrandK,Shoes,20.93
133,SKU000133,Prod 133,BrandE,Shoes,10.62
134,SKU000134,Prod 134,BrandA,Bottoms,26.69
135,SKU000135,Prod 135,BrandH,Accessories,11.57
136,SKU000136,Prod 136,BrandL,Accessories,50.9
137,SKU000137,Prod 137,BrandK,Dresses,12.55
138,SKU000138,Prod 138,BrandA,Shoes,16.56
139,SKU000139,Prod 139,BrandD,Accessories,32.72
140,SKU000140,Prod 140,BrandI,Shoes,9.6
141,SKU000141,Prod 141,BrandI,Dresses,23.02
142,SKU000142,Prod 142,BrandE,Dresses,44.0
143,SKU000143,Prod 143,BrandD,Bottoms,7.66
144,SKU000144,Prod 144,BrandC,Shoes,22.44
145,SKU000145,Prod 145,BrandC,Accessories,23.47
146,SKU000146,Prod 146,BrandL,Accessories,32.11
147,SKU000147,Prod 147,BrandE,Shoes,9.56
148,SKU000148,Prod 148,BrandJ,Shoes,9.1
149,SKU000149,Prod 149,BrandA,Shoes,27.47
150,SKU000150,Prod 150,BrandE,Outerwear,24.0
151,SKU000151,Prod 151,BrandF,Accessories,23.34
152,SKU000152,Prod 152,BrandG,Dresses,24.73
153,SKU000153,Prod 153,BrandL,Accessories,13.36
154,SKU000154,Prod 154,BrandI,Outerwear,23.09
155,SKU000155,Prod 155,BrandC,Shoes,23.95
156,SKU000156,Prod 156,BrandB,Bottoms,13.08
157,SKU000157,Prod 157,BrandC,Shoes,61.53
158,SKU000158,Prod 158,BrandL,Shoes,26.69
159,SKU000159,Prod 159,BrandI,Outerwear,9.83
160,SKU000160,Prod 160,BrandL,Accessories,29.78
161,SKU000161,Prod 161,BrandG,Shoes,11.19
162,SKU000162,Prod 162,BrandI,Accessories,32.21
163,SKU000163,Prod 163,BrandB,Tops,40.25
164,SKU000164,Prod 164,BrandE,Dresses,12.28
165,SKU000165,Prod 165,BrandD,Accessories,35.8
166,SKU000166,Prod 166,BrandB,Bottoms,25.73
167,SKU000167,Prod 167,BrandI,Dresses,32.89
168,SKU000168,Prod 168,BrandI,Bottoms,62.68
169,SKU000169,Prod 169,BrandF,Shoes,17.34
170,SKU000170,Prod 170,BrandK,Dresses,12.78
171,SKU000171,Prod 171,BrandF,Accessories,11.78
172,SKU000172,Prod 172,BrandH,Dresses,12.31
173,SKU000173,Prod 173,BrandF,Shoes,19.18
174,SKU000174,Prod 174,BrandA,Outerwear,24.65
175,SKU000175,Prod 175,BrandD,Bottoms,23.71
176,SKU000176,Prod 176,BrandG,Shoes,32.99
177,SKU000177,Prod 177,BrandB,Outerwear,20.24
178,SKU000178,Prod 178,BrandI,Dresses,48.04
179,SKU000179,Prod 179,BrandH,Dresses,17.14
180,SKU000180,Prod 180,BrandH,Shoes,102.73
181,SKU000181,Prod 181,BrandG,Accessories,29.24
182,SKU000182,Prod 182,BrandD,Dresses,12.01
183,SKU000183,Prod 183,BrandB,Accessories,10.56
184,SKU000184,Prod 184,BrandC,Accessories,26.83
185,SKU000185,Prod 185,BrandL,Accessories,17.57
186,SKU000186,Prod 186,BrandF,Tops,30.83
187,SKU000187,Prod 187,BrandL,Outerwear,26.68
188,SKU000188,Prod 188,BrandL,Outerwear,19.23
189,SKU000189,Prod 189,BrandE,Dresses,12.08
190,SKU000190,Prod 190,BrandL,Dresses,8.09
191,SKU000191,Prod 191,BrandH,Accessories,15.36
192,SKU000192,Prod 192,BrandF,Tops,33.58
193,SKU000193,Prod 193,BrandF,Accessories,22.84
194,SKU000194,Prod 194,BrandA,Tops,9.51
195,SKU000195,Prod 195,BrandD,Accessories,22.28
196,SKU000196,Prod 196,BrandE,Bottoms,25.31
197,SKU000197,Prod 197,BrandL,Bottoms,11.82
198,SKU000198,Prod 198,BrandK,Shoes,22.03
199,SKU000199,Prod 199,BrandC,Accessories,20.8
200,SKU000200,Prod 200,BrandI,Dresses,10.12
201,SKU000201,Prod 201,BrandA,Outerwear,24.9
202,SKU000202,Prod 202,BrandF,Shoes,28.12
203,SKU000203,Prod 203,BrandF,Dresses,38.47
204,SKU000204,Prod 204,BrandJ,Bottoms,37.8
205,SKU000205,Prod 205,BrandE,Accessories,8.79
206,SKU000206,Prod 206,BrandL,Shoes,11.44
207,SKU000207,Prod 207,BrandE,Accessories,27.36
208,SKU000208,Prod 208,BrandJ,Bottoms,27.34
209,SKU000209,Prod 209,BrandE,Shoes,27.36
210,SKU000210,Prod 210,BrandF,Bottoms,202.68
211,SKU000211,Prod 211,BrandH,Tops,28.29
212,SKU000212,Prod 212,BrandB,Bottoms,39.7
213,SKU000213,Prod 213,BrandF,Accessories,35.6
214,SKU000214,Prod 214,BrandA,Outerwear,29.69
215,SKU000215,Prod 215,BrandD,Bottoms,16.62
216,SKU000216,Prod 216,BrandJ,Dresses,31.67
217,SKU000217,Prod 217,BrandC,Outerwear,12.63
218,SKU000218,Prod 218,BrandI,Tops,17.43
219,SKU000219,Prod 219,BrandC,Shoes,15.01
220,SKU000220,Prod 220,BrandF,Shoes,21.1
221,SKU000221,Prod 221,BrandA,Outerwear,80.54
222,SKU000222,Prod 222,BrandL,Shoes,6.55
223,SKU000223,Prod 223,BrandF,Bottoms,30.32
224,SKU000224,Prod 224,BrandD,Outerwear,7.63
225,SKU000225,Prod 225,BrandH,Accessories,15.13
226,SKU000226,Prod 226,BrandK,Bottoms,38.6
227,SKU000227,Prod 227,BrandI,Bottoms,20.88
228,SKU000228,Prod 228,BrandD,Bottoms,10.52
229,SKU000229,Prod 229,BrandJ,Accessories,13.08
230,SKU000230,Prod 230,BrandL,Tops,30.2
231,SKU000231,Prod 231,BrandJ,Dresses,12.96
232,SKU000232,Prod 232,BrandF,Shoes,22.87
233,SKU000233,Prod 233,BrandA,Outerwear,20.64
234,SKU000234,Prod 234,BrandD,Tops,13.59
235,SKU000235,Prod 235,BrandG,Outerwear,72.7
236,SKU000236,Prod 236,BrandL,Shoes,29.38
237,SKU000237,Prod 237,BrandA,Accessories,5.96
238,SKU000238,Prod 238,BrandH,Bottoms,22.46
239,SKU000239,Prod 239,BrandL,Bottoms,13.5
240,SKU000240,Prod 240,BrandJ,Accessories,33.5
241,SKU000241,Prod 241,BrandL,Tops,12.48
242,SKU000242,Prod 242,BrandK,Tops,18.75
243,SKU000243,Prod 243,BrandF,Outerwear,27.19
244,SKU000244,Prod 244,BrandE,Accessories,33.77
245,SKU000245,Prod 245,BrandJ,Tops,9.77
246,SKU000246,Prod 246,BrandK,Accessories,16.43
247,SKU000247,Prod 247,BrandI,Shoes,15.11
248,SKU000248,Prod 248,BrandB,Bottoms,13.57
249,SKU000249,Prod 249,BrandE,Bottoms,57.93
250,SKU000250,Prod 250,BrandF,Bottoms,25.61
251,SKU000251,Prod 251,BrandG,Accessories,9.43
252,SKU000252,Prod 252,BrandE,Accessories,34.84
253,SKU000253,Prod 253,BrandI,Outerwear,71.76
254,SKU000254,Prod 254,BrandA,Bottoms,37.32
255,SKU000255,Prod 255,BrandG,Outerwear,8.07
256,SKU000256,Prod 256,BrandJ,Bottoms,15.02
257,SKU000257,Prod 257,BrandG,Outerwear,42.95
258,SKU000258,Prod 258,BrandD,Outerwear,13.14
259,SKU000259,Prod 259,BrandI,Shoes,26.21
260,SKU000260,Prod 260,BrandL,Outerwear,31.97
261,SKU000261,Prod 261,BrandK,Accessories,11.52
262,SKU000262,Prod 262,BrandE,Outerwear,19.38
263,SKU000263,Prod 263,BrandD,Bottoms,2.87
264,SKU000264,Prod 264,BrandG,Outerwear,10.86
265,SKU000265,Prod 265,BrandD,Tops,17.26
266,SKU000266,Prod 266,BrandC,Dresses,9.5
267,SKU000267,Prod 267,BrandI,Bottoms,53.49
268,SKU000268,Prod 268,BrandK,Tops,8.52
269,SKU000269,Prod 269,BrandH,Bottoms,15.42
270,SKU000270,Prod 270,BrandA,Accessories,21.72
271,SKU000271,Prod 271,BrandG,Dresses,47.69
272,SKU000272,Prod 272,BrandI,Dresses,8.49
273,SKU000273,Prod 273,BrandH,Accessories,40.36
274,SKU000274,Prod 274,BrandH,Dresses,20.21
275,SKU000275,Prod 275,BrandF,Accessories,11.15
276,SKU000276,Prod 276,BrandK,Tops,26.5
277,SKU000277,Prod 277,BrandD,Shoes,22.63
278,SKU000278,Prod 278,BrandH,Bottoms,14.01
279,SKU000279,Prod 279,BrandC,Accessories,20.94
280,SKU000280,Prod 280,BrandI,Bottoms,15.94
281,SKU000281,Prod 281,BrandB,Tops,21.5
282,SKU000282,Prod 282,BrandB,Shoes,29.88
283,SKU000283,Prod 283,BrandL,Tops,52.02
284,SKU000284,Prod 284,BrandL,Dresses,9.56
285,SKU000285,Prod 285,BrandG,Bottoms,72.23
286,SKU000286,Prod 286,BrandL,Shoes,6.23
287,SKU000287,Prod 287,BrandJ,Dresses,18.34
288,SKU000288,Prod 288,BrandD,Shoes,28.59
289,SKU000289,Prod 289,BrandJ,Dresses,23.77
290,SKU000290,Prod 290,BrandH,Tops,13.82
291,SKU000291,Prod 291,BrandI,Accessories,17.73
292,SKU000292,Prod 292,BrandG,Bottoms,14.94
293,SKU000293,Prod 293,BrandE,Outerwear,14.1
294,SKU000294,Prod 294,BrandH,Outerwear,33.44
295,SKU000295,Prod 295,BrandD,Tops,24.88
296,SKU000296,Prod 296,BrandB,Bottoms,13.25
297,SKU000297,Prod 297,BrandK,Bottoms,34.46
298,SKU000298,Prod 298,BrandL,Tops,24.15
299,SKU000299,Prod 299,BrandF,Bottoms,32.71
300,SKU000300,Prod 300,BrandI,Accessories,29.31
301,SKU000301,Prod 301,BrandA,Tops,12.21
302,SKU000302,Prod 302,BrandK,Accessories,14.35
303,SKU000303,Prod 303,BrandJ,Bottoms,31.45
304,SKU000304,Prod 304,BrandL,Tops,28.97
305,SKU000305,Prod 305,BrandG,Bottoms,19.84
306,SKU000306,Prod 306,BrandJ,Tops,21.55
307,SKU000307,Prod 307,BrandI,Bottoms,43.23
308,SKU000308,Prod 308,BrandJ,Accessories,14.08
309,SKU000309,Prod 309,BrandI,Accessories,27.89
310,SKU000310,Prod 310,BrandJ,Bottoms,17.79
311,SKU000311,Prod 311,BrandK,Tops,17.63
312,SKU000312,Prod 312,BrandC,Outerwear,38.83
313,SKU000313,Prod 313,BrandK,Accessories,32.96
314,SKU000314,Prod 314,BrandE,Accessories,32.72
315,SKU000315,Prod 315,BrandH,Dresses,43.96
316,SKU000316,Prod 316,BrandH,Outerwear,20.34
317,SKU000317,Prod 317,BrandD,Bottoms,30.24
318,SKU000318,Prod 318,BrandL,Tops,16.67
319,SKU000319,Prod 319,BrandK,Dresses,24.4
320,SKU000320,Prod 320,BrandK,Bottoms,18.58
321,SKU000321,Prod 321,BrandA,Shoes,21.29
322,SKU000322,Prod 322,BrandA,Accessories,28.71
323,SKU000323,Prod 323,BrandD,Shoes,12.29
324,SKU000324,Prod 324,BrandF,Accessories,70.49
325,SKU000325,Prod 325,BrandH,Accessories,10.98
326,SKU000326,Prod 326,BrandF,Shoes,9.69
327,SKU000327,Prod 327,BrandL,Shoes,40.24
328,SKU000328,Prod 328,BrandI,Bottoms,32.3
329,SKU000329,Prod 329,BrandI,Dresses,29.21
330,SKU000330,Prod 330,BrandB,Dresses,29.28
331,SKU000331,Prod 331,BrandJ,Shoes,19.94
332,SKU000332,Prod 332,BrandA,Bottoms,11.72
333,SKU000333,Prod 333,BrandB,Dresses,21.02
334,SKU000334,Prod 334,BrandE,Bottoms,13.38
335,SKU000335,Prod 335,BrandD,Bottoms,36.06
336,SKU000336,Prod 336,BrandD,Accessories,18.39
337,SKU000337,Prod 337,BrandI,Dresses,12.24
338,SKU000338,Prod 338,BrandK,Dresses,16.56
339,SKU000339,Prod 339,BrandH,Accessories,25.73
340,SKU000340,Prod 340,BrandF,Shoes,14.32
341,SKU000341,Prod 341,BrandA,Accessories,12.26
342,SKU000342,Prod 342,BrandB,Dresses,23.25
343,SKU000343,Prod 343,BrandF,Dresses,23.27
344,SKU000344,Prod 344,BrandK,Shoes,14.82
345,SKU000345,Prod 345,BrandB,Accessories,15.14
346,SKU000346,Prod 346,BrandJ,Tops,23.09
347,SKU000347,Prod 347,BrandE,Tops,8.42
348,SKU000348,Prod 348,BrandE,Shoes,8.63
349,SKU000349,Prod 349,BrandF,Accessories,13.05
350,SKU000350,Prod 350,BrandF,Accessories,17.67
351,SKU000351,Prod 351,BrandF,Bottoms,24.2
352,SKU000352,Prod 352,BrandB,Dresses,48.68
353,SKU000353,Prod 353,BrandJ,Outerwear,33.6
354,SKU000354,Prod 354,BrandC,Shoes,18.25
355,SKU000355,Prod 355,BrandF,Outerwear,19.86
356,SKU000356,Prod 356,BrandH,Outerwear,11.01
357,SKU000357,Prod 357,BrandL,Shoes,19.86
358,SKU000358,Prod 358,BrandK,Accessories,16.89
359,SKU000359,Prod 359,BrandL,Shoes,24.38
360,SKU000360,Prod 360,BrandA,Outerwear,12.23
361,SKU000361,Prod 361,BrandA,Dresses,27.43
362,SKU000362,Prod 362,BrandK,Dresses,50.38
363,SKU000363,Prod 363,BrandB,Dresses,18.82
364,SKU000364,Prod 364,BrandK,Accessories,25.56
365,SKU000365,Prod 365,BrandL,Tops,30.39
366,SKU000366,Prod 366,BrandL,Shoes,15.79
367,SKU000367,Prod 367,BrandF,Dresses,22.98
368,SKU000368,Prod 368,BrandI,Shoes,20.24
369,SKU000369,Prod 369,BrandD,Dresses,21.3
370,SKU000370,Prod 370,BrandC,Accessories,12.63
371,SKU000371,Prod 371,BrandL,Tops,20.38
372,SKU000372,Prod 372,BrandH,Tops,27.08
373,SKU000373,Prod 373,BrandK,Dresses,47.98
374,SKU000374,Prod 374,BrandJ,Accessories,35.71
375,SKU000375,Prod 375,BrandI,Bottoms,73.11
376,SKU000376,Prod 376,BrandL,Shoes,12.67
377,SKU000377,Prod 377,BrandK,Shoes,33.9
378,SKU000378,Prod 378,BrandE,Outerwear,22.42
379,SKU000379,Prod 379,BrandI,Accessories,74.73
380,SKU000380,Prod 380,BrandB,Outerwear,12.37
381,SKU000381,Prod 381,BrandC,Dresses,12.14
382,SKU000382,Prod 382,BrandG,Outerwear,14.02
383,SKU000383,Prod 383,BrandG,Tops,5.62
384,SKU000384,Prod 384,BrandF,Shoes,14.65
385,SKU000385,Prod 385,BrandF,Outerwear,12.74
386,SKU000386,Prod 386,BrandB,Tops,21.98
387,SKU000387,Prod 387,BrandJ,Accessories,24.66
388,SKU000388,Prod 388,BrandF,Outerwear,61.91
389,SKU000389,Prod 389,BrandD,Dresses,35.53
390,SKU000390,Prod 390,BrandL,Dresses,14.21
391,SKU000391,Prod 391,BrandC,Dresses,11.72
392,SKU000392,Prod 392,BrandK,Shoes,26.98
393,SKU000393,Prod 393,BrandB,Outerwear,9.1
394,SKU000394,Prod 394,BrandA,Accessories,60.27
395,SKU000395,Prod 395,BrandK,Outerwear,40.76
396,SKU000396,Prod 396,BrandK,Shoes,15.16
397,SKU000397,Prod 397,BrandE,Tops,7.19
398,SKU000398,Prod 398,BrandB,Shoes,45.26
399,SKU000399,Prod 399,BrandB,Dresses,18.75
400,SKU000400,Prod 400,BrandG,Tops,42.21
401,SKU000401,Prod 401,BrandH,Dresses,7.72
402,SKU000402,Prod 402,BrandJ,Bottoms,14.02
403,SKU000403,Prod 403,BrandH,Shoes,20.15
404,SKU000404,Prod 404,BrandD,Shoes,20.66
405,SKU000405,Prod 405,BrandA,Accessories,15.33
406,SKU000406,Prod 406,BrandK,Outerwear,29.19
407,SKU000407,Prod 407,BrandG,Tops,10.58
408,SKU000408,Prod 408,BrandA,Tops,18.44
409,SKU000409,Prod 409,BrandK,Accessories,21.59
410,SKU000410,Prod 410,BrandD,Accessories,27.35
411,SKU000411,Prod 411,BrandH,Outerwear,30.78
412,SKU000412,Prod 412,BrandB,Dresses,10.23
413,SKU000413,Prod 413,BrandF,Outerwear,8.0
414,SKU000414,Prod 414,BrandF,Shoes,43.23
415,SKU000415,Prod 415,BrandL,Dresses,24.52
416,SKU000416,Prod 416,BrandI,Bottoms,12.82
417,SKU000417,Prod 417,BrandE,Outerwear,50.94
418,SKU000418,Prod 418,BrandJ,Accessories,21.53
419,SKU000419,Prod 419,BrandD,Dresses,40.75
420,SKU000420,Prod 420,BrandE,Outerwear,20.92
421,SKU000421,Prod 421,BrandL,Tops,69.16
422,SKU000422,Prod 422,BrandL,Bottoms,57.58
423,SKU000423,Prod 423,BrandJ,Shoes,17.3
424,SKU000424,Prod 424,BrandK,Tops,35.98
425,SKU000425,Prod 425,BrandE,Tops,29.58
426,SKU000426,Prod 426,BrandH,Bottoms,45.66
427,SKU000427,Prod 427,BrandJ,Shoes,11.26
428,SKU000428,Prod 428,BrandL,Accessories,30.31
429,SKU000429,Prod 429,BrandH,Dresses,37.9
430,SKU000430,Prod 430,BrandB,Shoes,6.99
431,SKU000431,Prod 431,BrandG,Outerwear,9.88
432,SKU000432,Prod 432,BrandH,Tops,5.91
433,SKU000433,Prod 433,BrandK,Outerwear,17.09
434,SKU000434,Prod 434,BrandF,Accessories,30.89
435,SKU000435,Prod 435,BrandE,Outerwear,49.47
436,SKU000436,Prod 436,BrandK,Shoes,21.0
437,SKU000437,Prod 437,BrandI,Outerwear,53.37
438,SKU000438,Prod 438,BrandC,Accessories,8.78
439,SKU000439,Prod 439,BrandL,Accessories,7.23
440,SKU000440,Prod 440,BrandJ,Accessories,19.43
441,SKU000441,Prod 441,BrandD,Shoes,25.29
442,SKU000442,Prod 442,BrandI,Accessories,19.7
443,SKU000443,Prod 443,BrandF,Tops,5.81
444,SKU000444,Prod 444,BrandH,Accessories,19.04
445,SKU000445,Prod 445,BrandG,Outerwear,9.18
446,SKU000446,Prod 446,BrandK,Dresses,30.02
447,SKU000447,Prod 447,BrandB,Outerwear,25.03
448,SKU000448,Prod 448,BrandC,Dresses,11.43
449,SKU000449,Prod 449,BrandA,Outerwear,14.76
450,SKU000450,Prod 450,BrandI,Shoes,10.64
451,SKU000451,Prod 451,BrandG,Outerwear,19.34
452,SKU000452,Prod 452,BrandA,Shoes,35.63
453,SKU000453,Prod 453,BrandC,Shoes,11.12
454,SKU000454,Prod 454,BrandD,Accessories,27.18
455,SKU000455,Prod 455,BrandD,Tops,14.61
456,SKU000456,Prod 456,BrandE,Dresses,12.48
457,SKU000457,Prod 457,BrandC,Accessories,18.84
458,SKU000458,Prod 458,BrandC,Accessories,10.79
459,SKU000459,Prod 459,BrandA,Shoes,14.41
460,SKU000460,Prod 460,BrandG,Shoes,9.79
461,SKU000461,Prod 461,BrandK,Dresses,65.29
462,SKU000462,Prod 462,BrandJ,Outerwear,20.52
463,SKU000463,Prod 463,BrandA,Outerwear,13.2
464,SKU000464,Prod 464,BrandB,Accessories,22.84
465,SKU000465,Prod 465,BrandD,Bottoms,18.78
466,SKU000466,Prod 466,BrandD,Bottoms,17.59
467,SKU000467,Prod 467,BrandE,Outerwear,29.03
468,SKU000468,Prod 468,BrandK,Bottoms,31.64
469,SKU000469,Prod 469,BrandB,Outerwear,14.61
470,SKU000470,Prod 470,BrandD,Shoes,14.22
471,SKU000471,Prod 471,BrandA,Accessories,17.03
472,SKU000472,Prod 472,BrandB,Tops,5.05
473,SKU000473,Prod 473,BrandA,Accessories,8.09
474,SKU000474,Prod 474,BrandJ,Outerwear,45.61
475,SKU000475,Prod 475,BrandJ,Outerwear,53.89
476,SKU000476,Prod 476,BrandD,Accessories,17.3
477,SKU000477,Prod 477,BrandD,Dresses,28.39
478,SKU000478,Prod 478,BrandG,Outerwear,24.21
479,SKU000479,Prod 479,BrandJ,Bottoms,127.4
480,SKU000480,Prod 480,BrandK,Bottoms,39.32
481,SKU000481,Prod 481,BrandK,Outerwear,18.6
482,SKU000482,Prod 482,BrandI,Outerwear,11.32
483,SKU000483,Prod 483,BrandI,Dresses,7.66
484,SKU000484,Prod 484,BrandE,Bottoms,22.69
485,SKU000485,Prod 485,BrandJ,Outerwear,12.76
486,SKU000486,Prod 486,BrandA,Outerwear,8.56
487,SKU000487,Prod 487,BrandA,Dresses,13.63
488,SKU000488,Prod 488,BrandF,Dresses,10.5
489,SKU000489,Prod 489,BrandB,Accessories,55.27
490,SKU000490,Prod 490,BrandH,Dresses,34.09
491,SKU000491,Prod 491,BrandI,Tops,19.99
492,SKU000492,Prod 492,BrandD,Bottoms,48.81
493,SKU000493,Prod 493,BrandE,Accessories,21.04
494,SKU000494,Prod 494,BrandK,Tops,11.98
495,SKU000495,Prod 495,BrandH,Outerwear,50.09
496,SKU000496,Prod 496,BrandC,Outerwear,27.75
497,SKU000497,Prod 497,BrandE,Accessories,10.78
498,SKU000498,Prod 498,BrandC,Dresses,17.92
499,SKU000499,Prod 499,BrandL,Outerwear,11.88
500,SKU000500,Prod 500,BrandJ,Shoes,8.76
501,SKU000501,Prod 501,BrandC,Accessories,35.01
502,SKU000502,Prod 502,BrandC,Tops,63.16
503,SKU000503,Prod 503,BrandL,Accessories,8.68
504,SKU000504,Prod 504,BrandG,Bottoms,28.16
505,SKU000505,Prod 505,BrandG,Dresses,13.59
506,SKU000506,Prod 506,BrandG,Dresses,15.0
507,SKU000507,Prod 507,BrandJ,Accessories,14.08
508,SKU000508,Prod 508,BrandH,Outerwear,11.96
509,SKU000509,Prod 509,BrandE,Outerwear,20.68
510,SKU000510,Prod 510,BrandE,Shoes,12.2
511,SKU000511,Prod 511,BrandD,Shoes,23.62
512,SKU000512,Prod 512,BrandG,Dresses,19.49
513,SKU000513,Prod 513,BrandJ,Shoes,17.4
514,SKU000514,Prod 514,BrandD,Tops,11.65
515,SKU000515,Prod 515,BrandB,Shoes,14.21
516,SKU000516,Prod 516,BrandD,Tops,31.6
517,SKU000517,Prod 517,BrandH,Shoes,27.13
518,SKU000518,Prod 518,BrandI,Dresses,11.17
519,SKU000519,Prod 519,BrandC,Dresses,21.32
520,SKU000520,Prod 520,BrandG,Tops,31.53
521,SKU000521,Prod 521,BrandL,Accessories,7.38
522,SKU000522,Prod 522,BrandI,Dresses,27.83
523,SKU000523,Prod 523,BrandK,Accessories,13.5
524,SKU000524,Prod 524,BrandD,Outerwear,28.29
525,SKU000525,Prod 525,BrandJ,Tops,12.71
526,SKU000526,Prod 526,BrandC,Dresses,6.8
527,SKU000527,Prod 527,BrandE,Bottoms,7.56
528,SKU000528,Prod 528,BrandA,Outerwear,20.67
529,SKU000529,Prod 529,BrandC,Accessories,23.47
530,SKU000530,Prod 530,BrandH,Dresses,11.67
531,SKU000531,Prod 531,BrandK,Tops,29.46
532,SKU000532,Prod 532,BrandH,Shoes,7.41
533,SKU000533,Prod 533,BrandD,Bottoms,19.3
534,SKU000534,Prod 534,BrandB,Accessories,9.71
535,SKU000535,Prod 535,BrandH,Outerwear,13.58
536,SKU000536,Prod 536,BrandH,Tops,20.66
537,SKU000537,Prod 537,BrandJ,Bottoms,11.99
538,SKU000538,Prod 538,BrandD,Tops,15.95
539,SKU000539,Prod 539,BrandC,Dresses,36.74
540,SKU000540,Prod 540,BrandB,Shoes,14.21
541,SKU000541,Prod 541,BrandI,Outerwear,33.16
542,SKU000542,Prod 542,BrandA,Tops,10.2
543,SKU000543,Prod 543,BrandG,Accessories,27.6
544,SKU000544,Prod 544,BrandE,Dresses,47.7
545,SKU000545,Prod 545,BrandH,Dresses,4.56
546,SKU000546,Prod 546,BrandD,Outerwear,12.45
547,SKU000547,Prod 547,BrandG,Dresses,28.4
548,SKU000548,Prod 548,BrandE,Accessories,17.78
549,SKU000549,Prod 549,BrandE,Tops,25.1
550,SKU000550,Prod 550,BrandI,Outerwear,13.98
551,SKU000551,Prod 551,BrandI,Dresses,21.16
552,SKU000552,Prod 552,BrandI,Dresses,18.29
553,SKU000553,Prod 553,BrandL,Accessories,40.47
554,SKU000554,Prod 554,BrandF,Shoes,23.4
555,SKU000555,Prod 555,BrandF,Shoes,24.6
556,SKU000556,Prod 556,BrandE,Dresses,15.69
557,SKU000557,Prod 557,BrandI,Tops,14.99
558,SKU000558,Prod 558,BrandJ,Outerwear,15.49
559,SKU000559,Prod 559,BrandH,Dresses,25.45
560,SKU000560,Prod 560,BrandG,Bottoms,15.6
561,SKU000561,Prod 561,BrandG,Outerwear,23.9
562,SKU000562,Prod 562,BrandF,Shoes,69.77
563,SKU000563,Prod 563,BrandE,Dresses,33.87
564,SKU000564,Prod 564,BrandD,Accessories,16.52
565,SKU000565,Prod 565,BrandC,Bottoms,41.29
566,SKU000566,Prod 566,BrandC,Dresses,15.72
567,SKU000567,Prod 567,BrandF,Tops,5.91
568,SKU000568,Prod 568,BrandD,Bottoms,10.97
569,SKU000569,Prod 569,BrandL,Dresses,6.54
570,SKU000570,Prod 570,BrandL,Tops,16.27
571,SKU000571,Prod 571,BrandF,Bottoms,20.31
572,SKU000572,Prod 572,BrandC,Tops,54.92
573,SKU000573,Prod 573,BrandD,Tops,24.44
574,SKU000574,Prod 574,BrandI,Bottoms,17.61
575,SKU000575,Prod 575,BrandE,Bottoms,33.04
576,SKU000576,Prod 576,BrandG,Tops,5.33
577,SKU000577,Prod 577,BrandJ,Shoes,23.14
578,SKU000578,Prod 578,BrandB,Bottoms,31.9
579,SKU000579,Prod 579,BrandE,Dresses,8.27
580,SKU000580,Prod 580,BrandI,Outerwear,39.9
581,SKU000581,Prod 581,BrandK,Accessories,24.61
582,SKU000582,Prod 582,BrandC,Tops,15.66
583,SKU000583,Prod 583,BrandI,Tops,29.36
584,SKU000584,Prod 584,BrandK,Accessories,78.45
585,SKU000585,Prod 585,BrandF,Shoes,22.4
586,SKU000586,Prod 586,BrandD,Accessories,23.31
587,SKU000587,Prod 587,BrandG,Bottoms,15.25
588,SKU000588,Prod 588,BrandH,Accessories,12.06
589,SKU000589,Prod 589,BrandF,Tops,33.06
590,SKU000590,Prod 590,BrandE,Accessories,12.02
591,SKU000591,Prod 591,BrandF,Outerwear,20.97
592,SKU000592,Prod 592,BrandE,Dresses,15.08
593,SKU000593,Prod 593,BrandH,Bottoms,26.77
594,SKU000594,Prod 594,BrandA,Accessories,24.54
595,SKU000595,Prod 595,BrandK,Tops,37.43
596,SKU000596,Prod 596,BrandG,Dresses,14.79
597,SKU000597,Prod 597,BrandJ,Bottoms,17.08
598,SKU000598,Prod 598,BrandJ,Tops,11.16
599,SKU000599,Prod 599,BrandK,Shoes,15.39
600,SKU000600,Prod 600,BrandB,Outerwear,25.19
601,SKU000601,Prod 601,BrandI,Shoes,31.63
602,SKU000602,Prod 602,BrandA,Outerwear,11.55
603,SKU000603,Prod 603,BrandK,Accessories,33.84
604,SKU000604,Prod 604,BrandJ,Bottoms,45.3
605,SKU000605,Prod 605,BrandF,Accessories,25.74
606,SKU000606,Prod 606,BrandI,Outerwear,61.93
607,SKU000607,Prod 607,BrandA,Outerwear,12.63
608,SKU000608,Prod 608,BrandD,Outerwear,9.52
609,SKU000609,Prod 609,BrandD,Dresses,6.91
610,SKU000610,Prod 610,BrandI,Tops,49.29
611,SKU000611,Prod 611,BrandK,Bottoms,29.74
612,SKU000612,Prod 612,BrandE,Accessories,19.43
613,SKU000613,Prod 613,BrandE,Accessories,23.76
614,SKU000614,Prod 614,BrandF,Shoes,10.22
615,SKU000615,Prod 615,BrandA,Outerwear,87.13
616,SKU000616,Prod 616,BrandA,Outerwear,21.7
617,SKU000617,Prod 617,BrandI,Outerwear,21.45
618,SKU000618,Prod 618,BrandC,Accessories,31.05
619,SKU000619,Prod 619,BrandD,Shoes,26.81
620,SKU000620,Prod 620,BrandA,Tops,22.97
621,SKU000621,Prod 621,BrandI,Dresses,12.5
622,SKU000622,Prod 622,BrandH,Bottoms,26.65
623,SKU000623,Prod 623,BrandB,Tops,62.13
624,SKU000624,Prod 624,BrandH,Accessories,45.03
625,SKU000625,Prod 625,BrandG,Dresses,52.24
626,SKU000626,Prod 626,BrandK,Dresses,14.78
627,SKU000627,Prod 627,BrandF,Dresses,11.09
628,SKU000628,Prod 628,BrandA,Outerwear,18.63
629,SKU000629,Prod 629,BrandG,Bottoms,20.77
630,SKU000630,Prod 630,BrandJ,Accessories,38.73
631,SKU000631,Prod 631,BrandG,Accessories,7.28
632,SKU000632,Prod 632,BrandI,Dresses,50.29
633,SKU000633,Prod 633,BrandA,Accessories,18.27
634,SKU000634,Prod 634,BrandB,Bottoms,15.55
635,SKU000635,Prod 635,BrandK,Bottoms,10.94
636,SKU000636,Prod 636,BrandI,Shoes,7.44
637,SKU000637,Prod 637,BrandI,Shoes,32.91
638,SKU000638,Prod 638,BrandF,Tops,20.99
639,SKU000639,Prod 639,BrandF,Bottoms,9.26
640,SKU000640,Prod 640,BrandD,Bottoms,9.23
641,SKU000641,Prod 641,BrandD,Bottoms,16.42
642,SKU000642,Prod 642,BrandE,Shoes,54.68
643,SKU000643,Prod 643,BrandC,Dresses,17.19
644,SKU000644,Prod 644,BrandA,Dresses,8.15
645,SKU000645,Prod 645,BrandA,Accessories,17.33
646,SKU000646,Prod 646,BrandL,Dresses,17.05
647,SKU000647,Prod 647,BrandG,Outerwear,3.98
648,SKU000648,Prod 648,BrandA,Shoes,19.44
649,SKU000649,Prod 649,BrandA,Bottoms,17.49
650,SKU000650,Prod 650,BrandC,Dresses,30.5
651,SKU000651,Prod 651,BrandJ,Shoes,60.91
652,SKU000652,Prod 652,BrandD,Dresses,39.49
653,SKU000653,Prod 653,BrandD,Tops,17.09
654,SKU000654,Prod 654,BrandB,Bottoms,10.34
655,SKU000655,Prod 655,BrandA,Tops,94.07
656,SKU000656,Prod 656,BrandC,Bottoms,20.81
657,SKU000657,Prod 657,BrandK,Shoes,20.25
658,SKU000658,Prod 658,BrandD,Accessories,19.8
659,SKU000659,Prod 659,BrandC,Dresses,22.62
660,SKU000660,Prod 660,BrandH,Dresses,18.42
661,SKU000661,Prod 661,BrandJ,Outerwear,14.24
662,SKU000662,Prod 662,BrandA,Tops,14.47
663,SKU000663,Prod 663,BrandB,Dresses,19.69
664,SKU000664,Prod 664,BrandG,Shoes,14.5
665,SKU000665,Prod 665,BrandD,Accessories,13.1
666,SKU000666,Prod 666,BrandH,Shoes,21.41
667,SKU000667,Prod 667,BrandK,Tops,17.24
668,SKU000668,Prod 668,BrandC,Outerwear,49.52
669,SKU000669,Prod 669,BrandF,Dresses,4.09
670,SKU000670,Prod 670,BrandI,Shoes,38.66
671,SKU000671,Prod 671,BrandA,Bottoms,42.42
672,SKU000672,Prod 672,BrandA,Accessories,5.79
673,SKU000673,Prod 673,BrandH,Shoes,16.35
674,SKU000674,Prod 674,BrandC,Accessories,16.07
675,SKU000675,Prod 675,BrandE,Dresses,8.63
676,SKU000676,Prod 676,BrandA,Bottoms,12.6
677,SKU000677,Prod 677,BrandE,Outerwear,10.32
678,SKU000678,Prod 678,BrandK,Outerwear,57.48
679,SKU000679,Prod 679,BrandF,Bottoms,35.21
680,SKU000680,Prod 680,BrandH,Accessories,43.07
681,SKU000681,Prod 681,BrandC,Dresses,30.97
682,SKU000682,Prod 682,BrandC,Shoes,10.2
683,SKU000683,Prod 683,BrandL,Bottoms,14.66
684,SKU000684,Prod 684,BrandK,Tops,26.94
685,SKU000685,Prod 685,BrandK,Accessories,9.65
686,SKU000686,Prod 686,BrandJ,Outerwear,30.81
687,SKU000687,Prod 687,BrandI,Bottoms,17.39
688,SKU000688,Prod 688,BrandD,Outerwear,16.04
689,SKU000689,Prod 689,BrandD,Accessories,30.77
690,SKU000690,Prod 690,BrandL,Outerwear,26.22
691,SKU000691,Prod 691,BrandG,Bottoms,16.17
692,SKU000692,Prod 692,BrandB,Accessories,40.27
693,SKU000693,Prod 693,BrandH,Tops,10.5
694,SKU000694,Prod 694,BrandF,Bottoms,29.07
695,SKU000695,Prod 695,BrandC,Shoes,28.67
696,SKU000696,Prod 696,BrandI,Dresses,16.68
697,SKU000697,Prod 697,BrandE,Bottoms,24.43
698,SKU000698,Prod 698,BrandH,Accessories,9.48
699,SKU000699,Prod 699,BrandG,Dresses,34.97
700,SKU000700,Prod 700,BrandH,Bottoms,17.98
701,SKU000701,Prod 701,BrandG,Tops,14.68
702,SKU000702,Prod 702,BrandC,Tops,37.69
703,SKU000703,Prod 703,BrandB,Shoes,13.16
704,SKU000704,Prod 704,BrandG,Outerwear,8.63
705,SKU000705,Prod 705,BrandC,Dresses,7.89
706,SKU000706,Prod 706,BrandC,Accessories,28.89
707,SKU000707,Prod 707,BrandB,Accessories,9.32
708,SKU000708,Prod 708,BrandD,Outerwear,57.56
709,SKU000709,Prod 709,BrandH,Tops,5.76
710,SKU000710,Prod 710,BrandL,Tops,55.58
711,SKU000711,Prod 711,BrandA,Bottoms,22.8
712,SKU000712,Prod 712,BrandA,Shoes,18.95
713,SKU000713,Prod 713,BrandL,Dresses,14.48
714,SKU000714,Prod 714,BrandE,Shoes,25.52
715,SKU000715,Prod 715,BrandK,Shoes,19.64
716,SKU000716,Prod 716,BrandE,Bottoms,38.94
717,SKU000717,Prod 717,BrandK,Shoes,21.51
718,SKU000718,Prod 718,BrandL,Outerwear,21.98
719,SKU000719,Prod 719,BrandA,Bottoms,16.15
720,SKU000720,Prod 720,BrandF,Outerwear,19.41
721,SKU000721,Prod 721,BrandA,Bottoms,24.16
722,SKU000722,Prod 722,BrandE,Shoes,7.2
723,SKU000723,Prod 723,BrandI,Outerwear,8.94
724,SKU000724,Prod 724,BrandL,Outerwear,31.37
725,SKU000725,Prod 725,BrandE,Outerwear,22.25
726,SKU000726,Prod 726,BrandF,Bottoms,17.99
727,SKU000727,Prod 727,BrandH,Accessories,20.31
728,SKU000728,Prod 728,BrandK,Shoes,24.74
729,SKU000729,Prod 729,BrandA,Outerwear,14.53
730,SKU000730,Prod 730,BrandB,Dresses,12.59
731,SKU000731,Prod 731,BrandI,Accessories,22.59
732,SKU000732,Prod 732,BrandC,Dresses,11.17
733,SKU000733,Prod 733,BrandF,Shoes,25.66
734,SKU000734,Prod 734,BrandE,Shoes,7.23
735,SKU000735,Prod 735,BrandK,Outerwear,37.24
736,SKU000736,Prod 736,BrandB,Outerwear,26.67
737,SKU000737,Prod 737,BrandG,Bottoms,23.42
738,SKU000738,Prod 738,BrandD,Accessories,36.22
739,SKU000739,Prod 739,BrandA,Accessories,54.56
740,SKU000740,Prod 740,BrandD,Outerwear,36.92
741,SKU000741,Prod 741,BrandF,Shoes,6.66
742,SKU000742,Prod 742,BrandG,Outerwear,9.32
743,SKU000743,Prod 743,BrandG,Shoes,13.81
744,SKU000744,Prod 744,BrandG,Shoes,20.4
745,SKU000745,Prod 745,BrandC,Outerwear,27.4
746,SKU000746,Prod 746,BrandF,Tops,12.99
747,SKU000747,Prod 747,BrandH,Accessories,22.47
748,SKU000748,Prod 748,BrandD,Dresses,12.77
749,SKU000749,Prod 749,BrandH,Shoes,13.92
750,SKU000750,Prod 750,BrandB,Shoes,8.64
751,SKU000751,Prod 751,BrandJ,Tops,11.54
752,SKU000752,Prod 752,BrandI,Dresses,8.93
753,SKU000753,Prod 753,BrandI,Bottoms,11.18
754,SKU000754,Prod 754,BrandH,Tops,37.8
755,SKU000755,Prod 755,BrandJ,Dresses,11.36
756,SKU000756,Prod 756,BrandJ,Tops,97.46
757,SKU000757,Prod 757,BrandA,Shoes,27.0
758,SKU000758,Prod 758,BrandB,Accessories,22.44
759,SKU000759,Prod 759,BrandF,Tops,12.0
760,SKU000760,Prod 760,BrandJ,Bottoms,30.58
761,SKU000761,Prod 761,BrandE,Outerwear,14.22
762,SKU000762,Prod 762,BrandL,Dresses,21.61
763,SKU000763,Prod 763,BrandI,Tops,93.32
764,SKU000764,Prod 764,BrandE,Tops,18.96
765,SKU000765,Prod 765,BrandB,Bottoms,40.03
766,SKU000766,Prod 766,BrandJ,Accessories,13.17
767,SKU000767,Prod 767,BrandD,Tops,19.67
768,SKU000768,Prod 768,BrandI,Tops,58.12
769,SKU000769,Prod 769,BrandA,Accessories,13.79
770,SKU000770,Prod 770,BrandK,Bottoms,59.59
771,SKU000771,Prod 771,BrandA,Dresses,30.71
772,SKU000772,Prod 772,BrandL,Dresses,14.33
773,SKU000773,Prod 773,BrandG,Tops,29.35
774,SKU000774,Prod 774,BrandK,Accessories,36.0
775,SKU000775,Prod 775,BrandC,Tops,29.17
776,SKU000776,Prod 776,BrandJ,Outerwear,7.83
777,SKU000777,Prod 777,BrandB,Dresses,12.98
778,SKU000778,Prod 778,BrandI,Shoes,17.31
779,SKU000779,Prod 779,BrandC,Outerwear,19.21
780,SKU000780,Prod 780,BrandB,Tops,29.15
781,SKU000781,Prod 781,BrandL,Bottoms,22.35
782,SKU000782,Prod 782,BrandH,Dresses,9.01
783,SKU000783,Prod 783,BrandJ,Shoes,25.23
784,SKU000784,Prod 784,BrandF,Outerwear,28.97
785,SKU000785,Prod 785,BrandF,Dresses,28.1
786,SKU000786,Prod 786,BrandJ,Accessories,38.42
787,SKU000787,Prod 787,BrandK,Bottoms,33.13
788,SKU000788,Prod 788,BrandG,Outerwear,26.46
789,SKU000789,Prod 789,BrandG,Accessories,19.26
790,SKU000790,Prod 790,BrandK,Tops,7.41
791,SKU000791,Prod 791,BrandF,Accessories,25.99
792,SKU000792,Prod 792,BrandD,Outerwear,22.75
793,SKU000793,Prod 793,BrandK,Outerwear,23.64
794,SKU000794,Prod 794,BrandI,Tops,9.34
795,SKU000795,Prod 795,BrandF,Accessories,10.5
796,SKU000796,Prod 796,BrandD,Accessories,37.78
797,SKU000797,Prod 797,BrandL,Tops,19.61
798,SKU000798,Prod 798,BrandC,Accessories,30.23
799,SKU000799,Prod 799,BrandD,Dresses,20.43
800,SKU000800,Prod 800,BrandC,Tops,20.45
801,SKU000801,Prod 801,BrandB,Bottoms,35.27
802,SKU000802,Prod 802,BrandE,Outerwear,14.74
803,SKU000803,Prod 803,BrandB,Bottoms,21.28
804,SKU000804,Prod 804,BrandF,Dresses,15.22
805,SKU000805,Prod 805,BrandC,Dresses,15.48
806,SKU000806,Prod 806,BrandF,Shoes,16.68
807,SKU000807,Prod 807,BrandK,Shoes,22.95
808,SKU000808,Prod 808,BrandJ,Shoes,15.07
809,SKU000809,Prod 809,BrandI,Tops,42.67
810,SKU000810,Prod 810,BrandA,Accessories,11.74
811,SKU000811,Prod 811,BrandF,Dresses,17.96
812,SKU000812,Prod 812,BrandI,Bottoms,15.43
813,SKU000813,Prod 813,BrandK,Bottoms,47.86
814,SKU000814,Prod 814,BrandD,Bottoms,22.6
815,SKU000815,Prod 815,BrandK,Bottoms,37.3
816,SKU000816,Prod 816,BrandL,Shoes,8.24
817,SKU000817,Prod 817,BrandB,Bottoms,23.58
818,SKU000818,Prod 818,BrandD,Accessories,34.25
819,SKU000819,Prod 819,BrandA,Shoes,21.1
820,SKU000820,Prod 820,BrandC,Bottoms,38.06
821,SKU000821,Prod 821,BrandJ,Tops,14.73
822,SKU000822,Prod 822,BrandI,Outerwear,46.79
823,SKU000823,Prod 823,BrandJ,Outerwear,79.79
824,SKU000824,Prod 824,BrandE,Outerwear,16.16
825,SKU000825,Prod 825,BrandK,Shoes,15.37
826,SKU000826,Prod 826,BrandF,Bottoms,48.04
827,SKU000827,Prod 827,BrandC,Dresses,51.82
828,SKU000828,Prod 828,BrandE,Dresses,14.68
829,SKU000829,Prod 829,BrandK,Dresses,15.61
830,SKU000830,Prod 830,BrandH,Shoes,16.96
831,SKU000831,Prod 831,BrandF,Accessories,8.97
832,SKU000832,Prod 832,BrandD,Tops,11.57
833,SKU000833,Prod 833,BrandB,Tops,11.0
834,SKU000834,Prod 834,BrandI,Outerwear,12.67
835,SKU000835,Prod 835,BrandL,Outerwear,19.67
836,SKU000836,Prod 836,BrandA,Dresses,23.12
837,SKU000837,Prod 837,BrandA,Dresses,50.92
838,SKU000838,Prod 838,BrandD,Outerwear,11.03
839,SKU000839,Prod 839,BrandG,Bottoms,36.26
840,SKU000840,Prod 840,BrandA,Accessories,17.67
841,SKU000841,Prod 841,BrandI,Accessories,19.5
842,SKU000842,Prod 842,BrandD,Accessories,30.11
843,SKU000843,Prod 843,BrandC,Accessories,10.24
844,SKU000844,Prod 844,BrandA,Outerwear,25.27
845,SKU000845,Prod 845,BrandJ,Tops,22.2
846,SKU000846,Prod 846,BrandD,Outerwear,26.99
847,SKU000847,Prod 847,BrandI,Accessories,23.89
848,SKU000848,Prod 848,BrandJ,Outerwear,87.63
849,SKU000849,Prod 849,BrandF,Accessories,13.7
850,SKU000850,Prod 850,BrandF,Shoes,14.61
851,SKU000851,Prod 851,BrandA,Dresses,13.82
852,SKU000852,Prod 852,BrandJ,Tops,14.39
853,SKU000853,Prod 853,BrandB,Shoes,13.7
854,SKU000854,Prod 854,BrandK,Bottoms,40.99
855,SKU000855,Prod 855,BrandF,Outerwear,47.1
856,SKU000856,Prod 856,BrandB,Bottoms,14.26
857,SKU000857,Prod 857,BrandC,Outerwear,12.19
858,SKU000858,Prod 858,BrandD,Dresses,26.65
859,SKU000859,Prod 859,BrandK,Shoes,14.42
860,SKU000860,Prod 860,BrandE,Dresses,29.36
861,SKU000861,Prod 861,BrandI,Accessories,22.69
862,SKU000862,Prod 862,BrandL,Dresses,8.09
863,SKU000863,Prod 863,BrandD,Dresses,50.83
864,SKU000864,Prod 864,BrandK,Accessories,59.0
865,SKU000865,Prod 865,BrandI,Outerwear,13.91
866,SKU000866,Prod 866,BrandK,Accessories,15.92
867,SKU000867,Prod 867,BrandJ,Shoes,23.84
868,SKU000868,Prod 868,BrandC,Dresses,24.55
869,SKU000869,Prod 869,BrandH,Accessories,29.82
870,SKU000870,Prod 870,BrandL,Dresses,67.1
871,SKU000871,Prod 871,BrandA,Shoes,18.06
872,SKU000872,Prod 872,BrandK,Bottoms,12.44
873,SKU000873,Prod 873,BrandI,Shoes,8.78
874,SKU000874,Prod 874,BrandI,Tops,12.95
875,SKU000875,Prod 875,BrandJ,Tops,19.69
876,SKU000876,Prod 876,BrandB,Tops,58.95
877,SKU000877,Prod 877,BrandD,Dresses,14.72
878,SKU000878,Prod 878,BrandH,Outerwear,22.97
879,SKU000879,Prod 879,BrandG,Outerwear,19.89
880,SKU000880,Prod 880,BrandA,Outerwear,40.98
881,SKU000881,Prod 881,BrandE,Dresses,91.48
882,SKU000882,Prod 882,BrandG,Shoes,14.61
883,SKU000883,Prod 883,BrandD,Outerwear,14.97
884,SKU000884,Prod 884,BrandA,Bottoms,37.58
885,SKU000885,Prod 885,BrandI,Tops,30.24
886,SKU000886,Prod 886,BrandE,Shoes,60.83
887,SKU000887,Prod 887,BrandK,Tops,28.51
888,SKU000888,Prod 888,BrandB,Outerwear,16.19
889,SKU000889,Prod 889,BrandH,Shoes,28.63
890,SKU000890,Prod 890,BrandK,Accessories,39.06
891,SKU000891,Prod 891,BrandB,Bottoms,32.86
892,SKU000892,Prod 892,BrandC,Outerwear,27.23
893,SKU000893,Prod 893,BrandJ,Outerwear,38.09
894,SKU000894,Prod 894,BrandA,Bottoms,40.51
895,SKU000895,Prod 895,BrandK,Bottoms,46.03
896,SKU000896,Prod 896,BrandB,Accessories,29.64
897,SKU000897,Prod 897,BrandG,Outerwear,18.17
898,SKU000898,Prod 898,BrandJ,Dresses,21.93
899,SKU000899,Prod 899,BrandB,Outerwear,41.43
900,SKU000900,Prod 900,BrandF,Tops,12.3
901,SKU000901,Prod 901,BrandC,Shoes,25.06
902,SKU000902,Prod 902,BrandD,Shoes,15.86
903,SKU000903,Prod 903,BrandK,Tops,20.43
904,SKU000904,Prod 904,BrandH,Shoes,43.25
905,SKU000905,Prod 905,BrandC,Bottoms,22.53
906,SKU000906,Prod 906,BrandJ,Shoes,20.65
907,SKU000907,Prod 907,BrandF,Shoes,8.88
908,SKU000908,Prod 908,BrandA,Tops,31.43
909,SKU000909,Prod 909,BrandG,Accessories,29.59
910,SKU000910,Prod 910,BrandH,Shoes,73.55
911,SKU000911,Prod 911,BrandK,Dresses,16.7
912,SKU000912,Prod 912,BrandH,Shoes,22.91
913,SKU000913,Prod 913,BrandC,Accessories,23.33
914,SKU000914,Prod 914,BrandJ,Tops,51.75
915,SKU000915,Prod 915,BrandA,Accessories,18.97
916,SKU000916,Prod 916,BrandI,Tops,23.75
917,SKU000917,Prod 917,BrandF,Bottoms,28.93
918,SKU000918,Prod 918,BrandK,Tops,22.47
919,SKU000919,Prod 919,BrandI,Bottoms,15.37
920,SKU000920,Prod 920,BrandG,Bottoms,22.57
921,SKU000921,Prod 921,BrandA,Tops,38.25
922,SKU000922,Prod 922,BrandL,Dresses,10.85
923,SKU000923,Prod 923,BrandL,Outerwear,21.75
924,SKU000924,Prod 924,BrandA,Tops,13.2
925,SKU000925,Prod 925,BrandF,Shoes,41.14
926,SKU000926,Prod 926,BrandE,Dresses,8.05
927,SKU000927,Prod 927,BrandI,Dresses,14.36
928,SKU000928,Prod 928,BrandB,Shoes,25.19
929,SKU000929,Prod 929,BrandH,Outerwear,51.38
930,SKU000930,Prod 930,BrandK,Dresses,19.31
931,SKU000931,Prod 931,BrandE,Bottoms,14.39
932,SKU000932,Prod 932,BrandB,Outerwear,62.1
933,SKU000933,Prod 933,BrandJ,Shoes,8.42
934,SKU000934,Prod 934,BrandK,Outerwear,5.37
935,SKU000935,Prod 935,BrandK,Tops,26.15
936,SKU000936,Prod 936,BrandL,Outerwear,14.86
937,SKU000937,Prod 937,BrandF,Bottoms,10.88
938,SKU000938,Prod 938,BrandJ,Tops,30.72
939,SKU000939,Prod 939,BrandH,Accessories,23.25
940,SKU000940,Prod 940,BrandD,Shoes,14.32
941,SKU000941,Prod 941,BrandB,Shoes,9.32
942,SKU000942,Prod 942,BrandL,Outerwear,33.9
943,SKU000943,Prod 943,BrandK,Dresses,29.67
944,SKU000944,Prod 944,BrandE,Tops,18.93
945,SKU000945,Prod 945,BrandL,Accessories,60.82
946,SKU000946,Prod 946,BrandB,Tops,10.57
947,SKU000947,Prod 947,BrandB,Shoes,8.04
948,SKU000948,Prod 948,BrandF,Tops,13.26
949,SKU000949,Prod 949,BrandK,Accessories,19.54
950,SKU000950,Prod 950,BrandJ,Dresses,23.24
951,SKU000951,Prod 951,BrandI,Outerwear,17.38
952,SKU000952,Prod 952,BrandD,Bottoms,24.81
953,SKU000953,Prod 953,BrandF,Tops,9.48
954,SKU000954,Prod 954,BrandG,Bottoms,47.76
955,SKU000955,Prod 955,BrandK,Shoes,19.12
956,SKU000956,Prod 956,BrandF,Outerwear,39.27
957,SKU000957,Prod 957,BrandH,Outerwear,24.67
958,SKU000958,Prod 958,BrandD,Tops,26.42
959,SKU000959,Prod 959,BrandL,Dresses,28.27
960,SKU000960,Prod 960,BrandA,Outerwear,26.28
961,SKU000961,Prod 961,BrandG,Tops,29.54
962,SKU000962,Prod 962,BrandC,Tops,44.59
963,SKU000963,Prod 963,BrandF,Bottoms,22.6
964,SKU000964,Prod 964,BrandB,Outerwear,30.74
965,SKU000965,Prod 965,BrandI,Tops,19.03
966,SKU000966,Prod 966,BrandA,Bottoms,47.66
967,SKU000967,Prod 967,BrandF,Accessories,13.39
968,SKU000968,Prod 968,BrandF,Bottoms,59.18
969,SKU000969,Prod 969,BrandE,Bottoms,19.61
970,SKU000970,Prod 970,BrandE,Tops,8.51
971,SKU000971,Prod 971,BrandA,Shoes,21.69
972,SKU000972,Prod 972,BrandJ,Shoes,13.35
973,SKU000973,Prod 973,BrandL,Dresses,33.26
974,SKU000974,Prod 974,BrandE,Shoes,13.58
975,SKU000975,Prod 975,BrandB,Bottoms,15.37
976,SKU000976,Prod 976,BrandG,Dresses,6.46
977,SKU000977,Prod 977,BrandC,Tops,15.31
978,SKU000978,Prod 978,BrandD,Outerwear,4.69
979,SKU000979,Prod 979,BrandC,Bottoms,7.77
980,SKU000980,Prod 980,BrandC,Bottoms,31.7
981,SKU000981,Prod 981,BrandD,Dresses,32.18
982,SKU000982,Prod 982,BrandE,Tops,25.93
983,SKU000983,Prod 983,BrandA,Accessories,11.24
984,SKU000984,Prod 984,BrandD,Bottoms,19.52
985,SKU000985,Prod 985,BrandL,Accessories,20.04
986,SKU000986,Prod 986,BrandL,Accessories,10.02
987,SKU000987,Prod 987,BrandK,Shoes,49.5
988,SKU000988,Prod 988,BrandH,Tops,34.0
989,SKU000989,Prod 989,BrandJ,Accessories,17.59
990,SKU000990,Prod 990,BrandG,Tops,20.41
991,SKU000991,Prod 991,BrandI,Shoes,22.76
992,SKU000992,Prod 992,BrandE,Tops,5.9
993,SKU000993,Prod 993,BrandJ,Bottoms,17.32
994,SKU000994,Prod 994,BrandD,Accessories,13.34
995,SKU000995,Prod 995,BrandH,Tops,11.01
996,SKU000996,Prod 996,BrandI,Outerwear,16.97
997,SKU000997,Prod 997,BrandG,Tops,59.06
998,SKU000998,Prod 998,BrandG,Accessories,29.5
999,SKU000999,Prod 999,BrandE,Shoes,14.26
1000,SKU001000,Prod 1000,BrandD,Shoes,28.32
1001,SKU001001,Prod 1001,BrandJ,Accessories,46.51
1002,SKU001002,Prod 1002,BrandA,Bottoms,34.98
1003,SKU001003,Prod 1003,BrandJ,Bottoms,20.82
1004,SKU001004,Prod 1004,BrandJ,Shoes,13.62
1005,SKU001005,Prod 1005,BrandG,Shoes,30.54
1006,SKU001006,Prod 1006,BrandA,Accessories,25.43
1007,SKU001007,Prod 1007,BrandA,Bottoms,34.37
1008,SKU001008,Prod 1008,BrandE,Shoes,29.4
1009,SKU001009,Prod 1009,BrandI,Bottoms,37.7
1010,SKU001010,Prod 1010,BrandF,Shoes,14.57
1011,SKU001011,Prod 1011,BrandC,Tops,44.28
1012,SKU001012,Prod 1012,BrandC,Outerwear,22.61
1013,SKU001013,Prod 1013,BrandG,Dresses,69.77
1014,SKU001014,Prod 1014,BrandF,Tops,13.28
1015,SKU001015,Prod 1015,BrandI,Dresses,56.92
1016,SKU001016,Prod 1016,BrandF,Shoes,22.62
1017,SKU001017,Prod 1017,BrandE,Outerwear,13.59
1018,SKU001018,Prod 1018,BrandJ,Outerwear,15.02
1019,SKU001019,Prod 1019,BrandG,Shoes,16.57
1020,SKU001020,Prod 1020,BrandA,Shoes,25.91
1021,SKU001021,Prod 1021,BrandL,Bottoms,27.49
1022,SKU001022,Prod 1022,BrandG,Shoes,14.24
1023,SKU001023,Prod 1023,BrandC,Accessories,19.79
1024,SKU001024,Prod 1024,BrandI,Shoes,72.63
1025,SKU001025,Prod 1025,BrandF,Accessories,56.63
1026,SKU001026,Prod 1026,BrandI,Shoes,26.1
1027,SKU001027,Prod 1027,BrandE,Bottoms,20.55
1028,SKU001028,Prod 1028,BrandG,Accessories,21.59
1029,SKU001029,Prod 1029,BrandD,Tops,29.02
1030,SKU001030,Prod 1030,BrandG,Accessories,10.87
1031,SKU001031,Prod 1031,BrandA,Bottoms,17.21
1032,SKU001032,Prod 1032,BrandG,Dresses,7.38
1033,SKU001033,Prod 1033,BrandH,Accessories,25.52
1034,SKU001034,Prod 1034,BrandE,Shoes,29.62
1035,SKU001035,Prod 1035,BrandB,Shoes,15.03
1036,SKU001036,Prod 1036,BrandE,Dresses,51.64
1037,SKU001037,Prod 1037,BrandF,Bottoms,9.63
1038,SKU001038,Prod 1038,BrandL,Outerwear,8.34
1039,SKU001039,Prod 1039,BrandB,Shoes,22.98
1040,SKU001040,Prod 1040,BrandF,Tops,37.65
1041,SKU001041,Prod 1041,BrandF,Bottoms,55.17
1042,SKU001042,Prod 1042,BrandA,Accessories,15.25
1043,SKU001043,Prod 1043,BrandA,Accessories,38.37
1044,SKU001044,Prod 1044,BrandK,Tops,19.63
1045,SKU001045,Prod 1045,BrandJ,Shoes,18.11
1046,SKU001046,Prod 1046,BrandC,Bottoms,34.13
1047,SKU001047,Prod 1047,BrandJ,Tops,29.71
1048,SKU001048,Prod 1048,BrandJ,Shoes,7.8
1049,SKU001049,Prod 1049,BrandL,Bottoms,48.71
1050,SKU001050,Prod 1050,BrandC,Accessories,45.97
1051,SKU001051,Prod 1051,BrandD,Bottoms,13.8
1052,SKU001052,Prod 1052,BrandB,Dresses,25.47
1053,SKU001053,Prod 1053,BrandI,Outerwear,27.02
1054,SKU001054,Prod 1054,BrandJ,Bottoms,23.49
1055,SKU001055,Prod 1055,BrandL,Outerwear,14.44
1056,SKU001056,Prod 1056,BrandK,Bottoms,13.42
1057,SKU001057,Prod 1057,BrandG,Outerwear,19.78
1058,SKU001058,Prod 1058,BrandG,Dresses,40.59
1059,SKU001059,Prod 1059,BrandF,Accessories,27.83
1060,SKU001060,Prod 1060,BrandC,Shoes,16.08
1061,SKU001061,Prod 1061,BrandF,Outerwear,31.91
1062,SKU001062,Prod 1062,BrandL,Dresses,3.64
1063,SKU001063,Prod 1063,BrandH,Outerwear,40.02
1064,SKU001064,Prod 1064,BrandH,Accessories,7.07
1065,SKU001065,Prod 1065,BrandK,Outerwear,16.16
1066,SKU001066,Prod 1066,BrandI,Dresses,10.26
1067,SKU001067,Prod 1067,BrandA,Dresses,9.24
1068,SKU001068,Prod 1068,BrandA,Tops,40.31
1069,SKU001069,Prod 1069,BrandC,Accessories,15.17
1070,SKU001070,Prod 1070,BrandC,Tops,24.73
1071,SKU001071,Prod 1071,BrandJ,Accessories,19.53
1072,SKU001072,Prod 1072,BrandH,Outerwear,26.74
1073,SKU001073,Prod 1073,BrandJ,Dresses,21.03
1074,SKU001074,Prod 1074,BrandA,Tops,9.3
1075,SKU001075,Prod 1075,BrandB,Outerwear,36.52
1076,SKU001076,Prod 1076,BrandB,Dresses,14.94
1077,SKU001077,Prod 1077,BrandC,Accessories,7.89
1078,SKU001078,Prod 1078,BrandF,Dresses,15.54
1079,SKU001079,Prod 1079,BrandA,Outerwear,49.42
1080,SKU001080,Prod 1080,BrandB,Tops,33.45
1081,SKU001081,Prod 1081,BrandA,Tops,16.29
1082,SKU001082,Prod 1082,BrandE,Dresses,16.29
1083,SKU001083,Prod 1083,BrandG,Outerwear,16.56
1084,SKU001084,Prod 1084,BrandH,Bottoms,69.83
1085,SKU001085,Prod 1085,BrandJ,Accessories,25.26
1086,SKU001086,Prod 1086,BrandA,Accessories,26.0
1087,SKU001087,Prod 1087,BrandG,Outerwear,37.27
1088,SKU001088,Prod 1088,BrandE,Bottoms,23.18
1089,SKU001089,Prod 1089,BrandJ,Tops,17.19
1090,SKU001090,Prod 1090,BrandA,Shoes,17.85
1091,SKU001091,Prod 1091,BrandC,Shoes,19.24
1092,SKU001092,Prod 1092,BrandG,Outerwear,19.64
1093,SKU001093,Prod 1093,BrandJ,Bottoms,31.08
1094,SKU001094,Prod 1094,BrandA,Bottoms,20.72
1095,SKU001095,Prod 1095,BrandG,Accessories,31.17
1096,SKU001096,Prod 1096,BrandE,Tops,19.14
1097,SKU001097,Prod 1097,BrandA,Dresses,21.06
1098,SKU001098,Prod 1098,BrandA,Bottoms,6.06
1099,SKU001099,Prod 1099,BrandA,Dresses,34.81
1100,SKU001100,Prod 1100,BrandK,Shoes,24.73
1101,SKU001101,Prod 1101,BrandI,Dresses,36.55
1102,SKU001102,Prod 1102,BrandK,Tops,3.53
1103,SKU001103,Prod 1103,BrandC,Tops,70.32
1104,SKU001104,Prod 1104,BrandE,Dresses,18.47
1105,SKU001105,Prod 1105,BrandK,Outerwear,39.05
1106,SKU001106,Prod 1106,BrandJ,Bottoms,10.76
1107,SKU001107,Prod 1107,BrandL,Outerwear,29.01
1108,SKU001108,Prod 1108,BrandI,Dresses,10.68
1109,SKU001109,Prod 1109,BrandF,Bottoms,13.81
1110,SKU001110,Prod 1110,BrandL,Accessories,63.33
1111,SKU001111,Prod 1111,BrandI,Outerwear,17.91
1112,SKU001112,Prod 1112,BrandH,Outerwear,22.88
1113,SKU001113,Prod 1113,BrandH,Dresses,33.85
1114,SKU001114,Prod 1114,BrandA,Shoes,27.04
1115,SKU001115,Prod 1115,BrandI,Dresses,21.98
1116,SKU001116,Prod 1116,BrandF,Outerwear,25.0
1117,SKU001117,Prod 1117,BrandI,Bottoms,84.95
1118,SKU001118,Prod 1118,BrandC,Shoes,19.4
1119,SKU001119,Prod 1119,BrandL,Dresses,22.66
1120,SKU001120,Prod 1120,BrandC,Dresses,37.73
1121,SKU001121,Prod 1121,BrandF,Outerwear,38.99
1122,SKU001122,Prod 1122,BrandI,Outerwear,40.94
1123,SKU001123,Prod 1123,BrandG,Accessories,29.47
1124,SKU001124,Prod 1124,BrandC,Dresses,10.12
1125,SKU001125,Prod 1125,BrandC,Outerwear,53.52
1126,SKU001126,Prod 1126,BrandB,Tops,10.1
1127,SKU001127,Prod 1127,BrandI,Shoes,24.08
1128,SKU001128,Prod 1128,BrandC,Tops,12.77
1129,SKU001129,Prod 1129,BrandK,Shoes,19.33
1130,SKU001130,Prod 1130,BrandE,Dresses,24.47
1131,SKU001131,Prod 1131,BrandI,Accessories,24.36
1132,SKU001132,Prod 1132,BrandH,Outerwear,25.87
1133,SKU001133,Prod 1133,BrandB,Outerwear,52.89
1134,SKU001134,Prod 1134,BrandC,Outerwear,26.37
1135,SKU001135,Prod 1135,BrandB,Dresses,17.35
1136,SKU001136,Prod 1136,BrandH,Shoes,35.82
1137,SKU001137,Prod 1137,BrandF,Outerwear,41.0
1138,SKU001138,Prod 1138,BrandF,Tops,9.62
1139,SKU001139,Prod 1139,BrandL,Outerwear,28.74
1140,SKU001140,Prod 1140,BrandI,Dresses,30.59
1141,SKU001141,Prod 1141,BrandH,Accessories,16.8
1142,SKU001142,Prod 1142,BrandD,Tops,45.85
1143,SKU001143,Prod 1143,BrandL,Outerwear,18.36
1144,SKU001144,Prod 1144,BrandD,Outerwear,21.66
1145,SKU001145,Prod 1145,BrandI,Bottoms,18.1
1146,SKU001146,Prod 1146,BrandA,Shoes,20.27
1147,SKU001147,Prod 1147,BrandB,Tops,10.4
1148,SKU001148,Prod 1148,BrandB,Bottoms,8.47
1149,SKU001149,Prod 1149,BrandF,Accessories,52.28
1150,SKU001150,Prod 1150,BrandD,Shoes,12.08
1151,SKU001151,Prod 1151,BrandK,Tops,11.08
1152,SKU001152,Prod 1152,BrandJ,Outerwear,5.52
1153,SKU001153,Prod 1153,BrandC,Tops,13.69
1154,SKU001154,Prod 1154,BrandC,Outerwear,9.08
1155,SKU001155,Prod 1155,BrandC,Shoes,53.8
1156,SKU001156,Prod 1156,BrandF,Outerwear,36.81
1157,SKU001157,Prod 1157,BrandH,Accessories,13.29
1158,SKU001158,Prod 1158,BrandK,Dresses,77.59
1159,SKU001159,Prod 1159,BrandG,Outerwear,36.2
1160,SKU001160,Prod 1160,BrandD,Accessories,16.53
1161,SKU001161,Prod 1161,BrandK,Dresses,4.48
1162,SKU001162,Prod 1162,BrandL,Shoes,79.41
1163,SKU001163,Prod 1163,BrandD,Shoes,8.73
1164,SKU001164,Prod 1164,BrandK,Tops,7.48
1165,SKU001165,Prod 1165,BrandJ,Accessories,37.1
1166,SKU001166,Prod 1166,BrandK,Accessories,86.82
1167,SKU001167,Prod 1167,BrandK,Bottoms,46.09
1168,SKU001168,Prod 1168,BrandK,Bottoms,28.17
1169,SKU001169,Prod 1169,BrandB,Dresses,28.7
1170,SKU001170,Prod 1170,BrandA,Dresses,33.52
1171,SKU001171,Prod 1171,BrandI,Bottoms,31.67
1172,SKU001172,Prod 1172,BrandL,Dresses,23.78
1173,SKU001173,Prod 1173,BrandL,Outerwear,21.38
1174,SKU001174,Prod 1174,BrandB,Bottoms,19.35
1175,SKU001175,Prod 1175,BrandH,Accessories,12.78
1176,SKU001176,Prod 1176,BrandI,Outerwear,16.97
1177,SKU001177,Prod 1177,BrandD,Dresses,7.27
1178,SKU001178,Prod 1178,BrandH,Shoes,18.93
1179,SKU001179,Prod 1179,BrandI,Tops,11.1
1180,SKU001180,Prod 1180,BrandJ,Bottoms,10.36
1181,SKU001181,Prod 1181,BrandJ,Shoes,22.37
1182,SKU001182,Prod 1182,BrandE,Dresses,46.3
1183,SKU001183,Prod 1183,BrandG,Accessories,34.85
1184,SKU001184,Prod 1184,BrandJ,Tops,7.83
1185,SKU001185,Prod 1185,BrandD,Shoes,11.09
1186,SKU001186,Prod 1186,BrandA,Tops,35.32
1187,SKU001187,Prod 1187,BrandC,Bottoms,11.14
1188,SKU001188,Prod 1188,BrandE,Dresses,17.55
1189,SKU001189,Prod 1189,BrandC,Accessories,27.94
1190,SKU001190,Prod 1190,BrandL,Dresses,11.23
1191,SKU001191,Prod 1191,BrandK,Tops,21.4
1192,SKU001192,Prod 1192,BrandG,Shoes,9.02
1193,SKU001193,Prod 1193,BrandL,Bottoms,14.0
1194,SKU001194,Prod 1194,BrandI,Bottoms,24.33
1195,SKU001195,Prod 1195,BrandL,Dresses,7.72
1196,SKU001196,Prod 1196,BrandF,Shoes,26.16
1197,SKU001197,Prod 1197,BrandJ,Shoes,19.85
1198,SKU001198,Prod 1198,BrandA,Tops,27.98
1199,SKU001199,Prod 1199,BrandG,Dresses,22.97
1200,SKU001200,Prod 1200,BrandC,Dresses,45.54
1201,SKU001201,Prod 1201,BrandE,Outerwear,21.65
1202,SKU001202,Prod 1202,BrandJ,Dresses,15.52
1203,SKU001203,Prod 1203,BrandD,Bottoms,21.61
1204,SKU001204,Prod 1204,BrandJ,Tops,27.83
1205,SKU001205,Prod 1205,BrandE,Shoes,20.68
1206,SKU001206,Prod 1206,BrandE,Dresses,20.58
1207,SKU001207,Prod 1207,BrandF,Tops,13.18
1208,SKU001208,Prod 1208,BrandJ,Dresses,13.49
1209,SKU001209,Prod 1209,BrandL,Shoes,8.66
1210,SKU001210,Prod 1210,BrandJ,Accessories,57.38
1211,SKU001211,Prod 1211,BrandK,Shoes,9.52
1212,SKU001212,Prod 1212,BrandF,Shoes,13.25
1213,SKU001213,Prod 1213,BrandH,Shoes,13.05
1214,SKU001214,Prod 1214,BrandH,Dresses,34.36
1215,SKU001215,Prod 1215,BrandK,Outerwear,16.83
1216,SKU001216,Prod 1216,BrandI,Shoes,42.46
1217,SKU001217,Prod 1217,BrandH,Bottoms,13.41
1218,SKU001218,Prod 1218,BrandK,Bottoms,23.75
1219,SKU001219,Prod 1219,BrandB,Tops,12.17
1220,SKU001220,Prod 1220,BrandL,Outerwear,72.75
1221,SKU001221,Prod 1221,BrandJ,Tops,9.85
1222,SKU001222,Prod 1222,BrandL,Bottoms,24.19
1223,SKU001223,Prod 1223,BrandK,Bottoms,29.38
1224,SKU001224,Prod 1224,BrandA,Accessories,25.75
1225,SKU001225,Prod 1225,BrandJ,Shoes,17.97
1226,SKU001226,Prod 1226,BrandB,Bottoms,18.58
1227,SKU001227,Prod 1227,BrandB,Dresses,20.62
1228,SKU001228,Prod 1228,BrandL,Dresses,18.39
1229,SKU001229,Prod 1229,BrandC,Tops,35.81
1230,SKU001230,Prod 1230,BrandJ,Tops,75.66
1231,SKU001231,Prod 1231,BrandG,Shoes,14.38
1232,SKU001232,Prod 1232,BrandB,Shoes,8.83
1233,SKU001233,Prod 1233,BrandA,Accessories,19.05
1234,SKU001234,Prod 1234,BrandF,Outerwear,94.43
1235,SKU001235,Prod 1235,BrandI,Tops,12.4
1236,SKU001236,Prod 1236,BrandC,Shoes,53.7
1237,SKU001237,Prod 1237,BrandF,Tops,54.96
1238,SKU001238,Prod 1238,BrandC,Shoes,14.41
1239,SKU001239,Prod 1239,BrandA,Bottoms,28.26
1240,SKU001240,Prod 1240,BrandL,Tops,53.36
1241,SKU001241,Prod 1241,BrandE,Bottoms,16.0
1242,SKU001242,Prod 1242,BrandJ,Tops,17.78
1243,SKU001243,Prod 1243,BrandK,Outerwear,14.17
1244,SKU001244,Prod 1244,BrandD,Accessories,10.93
1245,SKU001245,Prod 1245,BrandG,Dresses,13.6
1246,SKU001246,Prod 1246,BrandF,Dresses,9.64
1247,SKU001247,Prod 1247,BrandJ,Dresses,20.5
1248,SKU001248,Prod 1248,BrandG,Bottoms,12.65
1249,SKU001249,Prod 1249,BrandE,Shoes,23.11
1250,SKU001250,Prod 1250,BrandD,Dresses,7.9
1251,SKU001251,Prod 1251,BrandG,Outerwear,24.5
1252,SKU001252,Prod 1252,BrandG,Dresses,33.12
1253,SKU001253,Prod 1253,BrandF,Tops,6.07
1254,SKU001254,Prod 1254,BrandH,Bottoms,25.14
1255,SKU001255,Prod 1255,BrandD,Tops,41.96
1256,SKU001256,Prod 1256,BrandJ,Tops,9.72
1257,SKU001257,Prod 1257,BrandE,Tops,54.79
1258,SKU001258,Prod 1258,BrandD,Accessories,25.83
1259,SKU001259,Prod 1259,BrandL,Accessories,13.16
1260,SKU001260,Prod 1260,BrandA,Shoes,19.42
1261,SKU001261,Prod 1261,BrandL,Bottoms,28.08
1262,SKU001262,Prod 1262,BrandH,Outerwear,21.02
1263,SKU001263,Prod 1263,BrandA,Outerwear,27.75
1264,SKU001264,Prod 1264,BrandE,Outerwear,11.56
1265,SKU001265,Prod 1265,BrandF,Tops,22.23
1266,SKU001266,Prod 1266,BrandF,Accessories,8.6
1267,SKU001267,Prod 1267,BrandE,Bottoms,18.79
1268,SKU001268,Prod 1268,BrandC,Tops,11.68
1269,SKU001269,Prod 1269,BrandE,Accessories,12.92
1270,SKU001270,Prod 1270,BrandL,Accessories,42.17
1271,SKU001271,Prod 1271,BrandH,Dresses,38.66
1272,SKU001272,Prod 1272,BrandB,Dresses,28.95
1273,SKU001273,Prod 1273,BrandF,Bottoms,10.43
1274,SKU001274,Prod 1274,BrandI,Bottoms,16.61
1275,SKU001275,Prod 1275,BrandH,Bottoms,41.59
1276,SKU001276,Prod 1276,BrandK,Tops,21.87
1277,SKU001277,Prod 1277,BrandH,Shoes,80.77
1278,SKU001278,Prod 1278,BrandH,Bottoms,25.43
1279,SKU001279,Prod 1279,BrandG,Dresses,22.54
1280,SKU001280,Prod 1280,BrandH,Shoes,16.69
1281,SKU001281,Prod 1281,BrandF,Tops,21.76
1282,SKU001282,Prod 1282,BrandB,Shoes,18.33
1283,SKU001283,Prod 1283,BrandB,Outerwear,30.72
1284,SKU001284,Prod 1284,BrandH,Shoes,35.66
1285,SKU001285,Prod 1285,BrandK,Bottoms,12.53
1286,SKU001286,Prod 1286,BrandA,Tops,9.04
1287,SKU001287,Prod 1287,BrandF,Bottoms,6.67
1288,SKU001288,Prod 1288,BrandF,Dresses,27.24
1289,SKU001289,Prod 1289,BrandK,Outerwear,10.36
1290,SKU001290,Prod 1290,BrandD,Dresses,5.52
1291,SKU001291,Prod 1291,BrandL,Bottoms,25.36
1292,SKU001292,Prod 1292,BrandK,Bottoms,89.64
1293,SKU001293,Prod 1293,BrandK,Bottoms,20.01
1294,SKU001294,Prod 1294,BrandJ,Accessories,33.22
1295,SKU001295,Prod 1295,BrandC,Outerwear,21.1
1296,SKU001296,Prod 1296,BrandK,Bottoms,18.93
1297,SKU001297,Prod 1297,BrandC,Bottoms,34.86
1298,SKU001298,Prod 1298,BrandA,Dresses,16.88
1299,SKU001299,Prod 1299,BrandC,Dresses,23.58
1300,SKU001300,Prod 1300,BrandD,Bottoms,24.36
1301,SKU001301,Prod 1301,BrandK,Tops,13.45
1302,SKU001302,Prod 1302,BrandK,Accessories,36.42
1303,SKU001303,Prod 1303,BrandE,Dresses,18.08
1304,SKU001304,Prod 1304,BrandC,Tops,12.76
1305,SKU001305,Prod 1305,BrandF,Accessories,27.71
1306,SKU001306,Prod 1306,BrandK,Bottoms,11.72
1307,SKU001307,Prod 1307,BrandL,Outerwear,20.43
1308,SKU001308,Prod 1308,BrandE,Shoes,19.98
1309,SKU001309,Prod 1309,BrandC,Shoes,38.53
1310,SKU001310,Prod 1310,BrandF,Bottoms,26.7
1311,SKU001311,Prod 1311,BrandF,Dresses,19.79
1312,SKU001312,Prod 1312,BrandH,Tops,32.81
1313,SKU001313,Prod 1313,BrandB,Outerwear,46.25
1314,SKU001314,Prod 1314,BrandA,Accessories,28.07
1315,SKU001315,Prod 1315,BrandD,Bottoms,20.21
1316,SKU001316,Prod 1316,BrandG,Outerwear,9.14
1317,SKU001317,Prod 1317,BrandK,Outerwear,10.6
1318,SKU001318,Prod 1318,BrandJ,Dresses,16.72
1319,SKU001319,Prod 1319,BrandC,Accessories,13.93
1320,SKU001320,Prod 1320,BrandC,Outerwear,17.95
1321,SKU001321,Prod 1321,BrandE,Dresses,20.78
1322,SKU001322,Prod 1322,BrandE,Tops,27.6
1323,SKU001323,Prod 1323,BrandJ,Dresses,19.25
1324,SKU001324,Prod 1324,BrandC,Tops,26.89
1325,SKU001325,Prod 1325,BrandI,Tops,20.88
1326,SKU001326,Prod 1326,BrandD,Outerwear,6.14
1327,SKU001327,Prod 1327,BrandC,Dresses,11.43
1328,SKU001328,Prod 1328,BrandK,Tops,18.42
1329,SKU001329,Prod 1329,BrandB,Accessories,9.72
1330,SKU001330,Prod 1330,BrandJ,Outerwear,28.79
1331,SKU001331,Prod 1331,BrandK,Dresses,50.32
1332,SKU001332,Prod 1332,BrandI,Dresses,41.73
1333,SKU001333,Prod 1333,BrandD,Shoes,17.67
1334,SKU001334,Prod 1334,BrandC,Dresses,49.13
1335,SKU001335,Prod 1335,BrandG,Outerwear,21.96
1336,SKU001336,Prod 1336,BrandH,Accessories,16.41
1337,SKU001337,Prod 1337,BrandK,Dresses,13.9
1338,SKU001338,Prod 1338,BrandB,Shoes,16.75
1339,SKU001339,Prod 1339,BrandG,Outerwear,15.91
1340,SKU001340,Prod 1340,BrandL,Tops,22.25
1341,SKU001341,Prod 1341,BrandE,Bottoms,22.12
1342,SKU001342,Prod 1342,BrandK,Bottoms,20.12
1343,SKU001343,Prod 1343,BrandE,Tops,26.11
1344,SKU001344,Prod 1344,BrandC,Dresses,41.03
1345,SKU001345,Prod 1345,BrandE,Bottoms,35.51
1346,SKU001346,Prod 1346,BrandL,Bottoms,8.24
1347,SKU001347,Prod 1347,BrandB,Tops,4.34
1348,SKU001348,Prod 1348,BrandD,Dresses,35.18
1349,SKU001349,Prod 1349,BrandF,Dresses,8.85
1350,SKU001350,Prod 1350,BrandA,Tops,17.55
1351,SKU001351,Prod 1351,BrandJ,Dresses,9.95
1352,SKU001352,Prod 1352,BrandD,Dresses,6.81
1353,SKU001353,Prod 1353,BrandF,Outerwear,27.8
1354,SKU001354,Prod 1354,BrandI,Outerwear,31.67
1355,SKU001355,Prod 1355,BrandK,Tops,14.21
1356,SKU001356,Prod 1356,BrandK,Accessories,4.24
1357,SKU001357,Prod 1357,BrandB,Bottoms,14.47
1358,SKU001358,Prod 1358,BrandK,Outerwear,25.41
1359,SKU001359,Prod 1359,BrandG,Bottoms,8.27
1360,SKU001360,Prod 1360,BrandF,Shoes,22.42
1361,SKU001361,Prod 1361,BrandB,Tops,19.9
1362,SKU001362,Prod 1362,BrandH,Accessories,28.43
1363,SKU001363,Prod 1363,BrandG,Shoes,21.58
1364,SKU001364,Prod 1364,BrandK,Shoes,11.2
1365,SKU001365,Prod 1365,BrandE,Dresses,41.18
1366,SKU001366,Prod 1366,BrandL,Shoes,18.26
1367,SKU001367,Prod 1367,BrandE,Tops,19.76
1368,SKU001368,Prod 1368,BrandG,Outerwear,11.47
1369,SKU001369,Prod 1369,BrandI,Tops,15.39
1370,SKU001370,Prod 1370,BrandK,Outerwear,11.81
1371,SKU001371,Prod 1371,BrandI,Shoes,18.11
1372,SKU001372,Prod 1372,BrandI,Shoes,56.09
1373,SKU001373,Prod 1373,BrandF,Accessories,8.82
1374,SKU001374,Prod 1374,BrandJ,Outerwear,7.63
1375,SKU001375,Prod 1375,BrandF,Shoes,48.56
1376,SKU001376,Prod 1376,BrandC,Dresses,17.71
1377,SKU001377,Prod 1377,BrandA,Bottoms,13.44
1378,SKU001378,Prod 1378,BrandG,Accessories,37.49
1379,SKU001379,Prod 1379,BrandD,Tops,13.97
1380,SKU001380,Prod 1380,BrandA,Accessories,60.08
1381,SKU001381,Prod 1381,BrandH,Bottoms,30.17
1382,SKU001382,Prod 1382,BrandL,Outerwear,14.99
1383,SKU001383,Prod 1383,BrandF,Tops,73.29
1384,SKU001384,Prod 1384,BrandF,Tops,13.97
1385,SKU001385,Prod 1385,BrandB,Outerwear,31.35
1386,SKU001386,Prod 1386,BrandA,Accessories,24.04
1387,SKU001387,Prod 1387,BrandB,Shoes,43.86
1388,SKU001388,Prod 1388,BrandD,Accessories,51.26
1389,SKU001389,Prod 1389,BrandB,Bottoms,20.47
1390,SKU001390,Prod 1390,BrandA,Dresses,12.78
1391,SKU001391,Prod 1391,BrandG,Shoes,26.47
1392,SKU001392,Prod 1392,BrandK,Accessories,13.37
1393,SKU001393,Prod 1393,BrandK,Dresses,67.22
1394,SKU001394,Prod 1394,BrandL,Dresses,21.8
1395,SKU001395,Prod 1395,BrandH,Outerwear,16.13
1396,SKU001396,Prod 1396,BrandF,Bottoms,22.44
1397,SKU001397,Prod 1397,BrandD,Bottoms,8.95
1398,SKU001398,Prod 1398,BrandF,Bottoms,11.21
1399,SKU001399,Prod 1399,BrandC,Shoes,41.27
1400,SKU001400,Prod 1400,BrandL,Tops,13.54
1401,SKU001401,Prod 1401,BrandH,Shoes,10.72
1402,SKU001402,Prod 1402,BrandJ,Accessories,27.72
1403,SKU001403,Prod 1403,BrandB,Dresses,40.91
1404,SKU001404,Prod 1404,BrandE,Dresses,30.92
1405,SKU001405,Prod 1405,BrandA,Tops,36.51
1406,SKU001406,Prod 1406,BrandF,Accessories,12.75
1407,SKU001407,Prod 1407,BrandB,Tops,8.56
1408,SKU001408,Prod 1408,BrandD,Dresses,49.44
1409,SKU001409,Prod 1409,BrandF,Shoes,16.55
1410,SKU001410,Prod 1410,BrandJ,Bottoms,17.28
1411,SKU001411,Prod 1411,BrandK,Dresses,44.56
1412,SKU001412,Prod 1412,BrandH,Outerwear,28.04
1413,SKU001413,Prod 1413,BrandL,Bottoms,26.4
1414,SKU001414,Prod 1414,BrandH,Dresses,73.63
1415,SKU001415,Prod 1415,BrandK,Shoes,13.65
1416,SKU001416,Prod 1416,BrandF,Tops,35.05
1417,SKU001417,Prod 1417,BrandD,Bottoms,20.78
1418,SKU001418,Prod 1418,BrandH,Shoes,23.6
1419,SKU001419,Prod 1419,BrandH,Accessories,50.25
1420,SKU001420,Prod 1420,BrandJ,Outerwear,27.24
1421,SKU001421,Prod 1421,BrandA,Bottoms,27.74
1422,SKU001422,Prod 1422,BrandD,Tops,38.23
1423,SKU001423,Prod 1423,BrandD,Accessories,16.14
1424,SKU001424,Prod 1424,BrandG,Shoes,12.14
1425,SKU001425,Prod 1425,BrandK,Outerwear,10.73
1426,SKU001426,Prod 1426,BrandG,Tops,6.17
1427,SKU001427,Prod 1427,BrandK,Shoes,68.97
1428,SKU001428,Prod 1428,BrandH,Shoes,10.36
1429,SKU001429,Prod 1429,BrandK,Bottoms,17.59
1430,SKU001430,Prod 1430,BrandE,Bottoms,17.01
1431,SKU001431,Prod 1431,BrandG,Tops,24.15
1432,SKU001432,Prod 1432,BrandH,Dresses,32.77
1433,SKU001433,Prod 1433,BrandI,Dresses,33.66
1434,SKU001434,Prod 1434,BrandC,Shoes,14.16
1435,SKU001435,Prod 1435,BrandC,Bottoms,18.17
1436,SKU001436,Prod 1436,BrandD,Outerwear,23.8
1437,SKU001437,Prod 1437,BrandE,Outerwear,17.3
1438,SKU001438,Prod 1438,BrandJ,Shoes,52.69
1439,SKU001439,Prod 1439,BrandA,Bottoms,26.97
1440,SKU001440,Prod 1440,BrandG,Tops,31.22
1441,SKU001441,Prod 1441,BrandI,Tops,29.9
1442,SKU001442,Prod 1442,BrandH,Tops,40.61
1443,SKU001443,Prod 1443,BrandE,Outerwear,22.39
1444,SKU001444,Prod 1444,BrandD,Bottoms,9.22
1445,SKU001445,Prod 1445,BrandL,Bottoms,25.53
1446,SKU001446,Prod 1446,BrandG,Outerwear,13.59
1447,SKU001447,Prod 1447,BrandE,Tops,14.63
1448,SKU001448,Prod 1448,BrandG,Tops,28.55
1449,SKU001449,Prod 1449,BrandL,Shoes,42.22
1450,SKU001450,Prod 1450,BrandA,Dresses,20.34
1451,SKU001451,Prod 1451,BrandA,Accessories,24.17
1452,SKU001452,Prod 1452,BrandJ,Dresses,55.78
1453,SKU001453,Prod 1453,BrandC,Bottoms,23.21
1454,SKU001454,Prod 1454,BrandK,Bottoms,95.68
1455,SKU001455,Prod 1455,BrandB,Bottoms,28.2
1456,SKU001456,Prod 1456,BrandB,Dresses,6.98
1457,SKU001457,Prod 1457,BrandG,Accessories,31.56
1458,SKU001458,Prod 1458,BrandL,Shoes,25.25
1459,SKU001459,Prod 1459,BrandJ,Dresses,43.55
1460,SKU001460,Prod 1460,BrandB,Accessories,30.08
1461,SKU001461,Prod 1461,BrandK,Tops,18.48
1462,SKU001462,Prod 1462,BrandD,Tops,9.64
1463,SKU001463,Prod 1463,BrandB,Bottoms,17.72
1464,SKU001464,Prod 1464,BrandF,Outerwear,12.06
1465,SKU001465,Prod 1465,BrandH,Bottoms,14.18
1466,SKU001466,Prod 1466,BrandJ,Outerwear,28.59
1467,SKU001467,Prod 1467,BrandD,Accessories,54.7
1468,SKU001468,Prod 1468,BrandE,Tops,25.45
1469,SKU001469,Prod 1469,BrandD,Dresses,9.8
1470,SKU001470,Prod 1470,BrandC,Outerwear,26.23
1471,SKU001471,Prod 1471,BrandE,Accessories,41.18
1472,SKU001472,Prod 1472,BrandI,Tops,13.93
1473,SKU001473,Prod 1473,BrandH,Dresses,18.53
1474,SKU001474,Prod 1474,BrandH,Outerwear,20.26
1475,SKU001475,Prod 1475,BrandH,Bottoms,12.54
1476,SKU001476,Prod 1476,BrandL,Bottoms,29.64
1477,SKU001477,Prod 1477,BrandH,Bottoms,18.68
1478,SKU001478,Prod 1478,BrandG,Accessories,25.83
1479,SKU001479,Prod 1479,BrandH,Bottoms,11.79
1480,SKU001480,Prod 1480,BrandK,Shoes,15.45
1481,SKU001481,Prod 1481,BrandH,Tops,30.98
1482,SKU001482,Prod 1482,BrandH,Accessories,16.06
1483,SKU001483,Prod 1483,BrandL,Dresses,56.61
1484,SKU001484,Prod 1484,BrandJ,Bottoms,15.8
1485,SKU001485,Prod 1485,BrandG,Tops,22.98
1486,SKU001486,Prod 1486,BrandL,Outerwear,35.15
1487,SKU001487,Prod 1487,BrandA,Bottoms,8.58
1488,SKU001488,Prod 1488,BrandD,Tops,6.98
1489,SKU001489,Prod 1489,BrandD,Shoes,8.04
1490,SKU001490,Prod 1490,BrandE,Outerwear,42.84
1491,SKU001491,Prod 1491,BrandJ,Shoes,14.42
1492,SKU001492,Prod 1492,BrandF,Dresses,93.22
1493,SKU001493,Prod 1493,BrandD,Tops,14.32
1494,SKU001494,Prod 1494,BrandB,Shoes,22.44
1495,SKU001495,Prod 1495,BrandF,Dresses,50.67
1496,SKU001496,Prod 1496,BrandH,Tops,66.93
1497,SKU001497,Prod 1497,BrandH,Tops,69.19
1498,SKU001498,Prod 1498,BrandG,Shoes,41.47
1499,SKU001499,Prod 1499,BrandF,Tops,37.13
1500,SKU001500,Prod 1500,BrandB,Bottoms,28.66
1501,SKU001501,Prod 1501,BrandG,Tops,32.04
1502,SKU001502,Prod 1502,BrandK,Accessories,14.43
1503,SKU001503,Prod 1503,BrandL,Dresses,12.29
1504,SKU001504,Prod 1504,BrandE,Tops,20.04
1505,SKU001505,Prod 1505,BrandF,Accessories,18.14
1506,SKU001506,Prod 1506,BrandJ,Tops,15.3
1507,SKU001507,Prod 1507,BrandH,Tops,30.5
1508,SKU001508,Prod 1508,BrandH,Shoes,35.63
1509,SKU001509,Prod 1509,BrandC,Bottoms,21.18
1510,SKU001510,Prod 1510,BrandL,Dresses,48.74
1511,SKU001511,Prod 1511,BrandL,Bottoms,10.12
1512,SKU001512,Prod 1512,BrandG,Outerwear,17.88
1513,SKU001513,Prod 1513,BrandA,Shoes,13.06
1514,SKU001514,Prod 1514,BrandA,Shoes,6.55
1515,SKU001515,Prod 1515,BrandG,Bottoms,19.11
1516,SKU001516,Prod 1516,BrandJ,Shoes,18.67
1517,SKU001517,Prod 1517,BrandI,Bottoms,49.8
1518,SKU001518,Prod 1518,BrandG,Shoes,29.33
1519,SKU001519,Prod 1519,BrandJ,Tops,10.86
1520,SKU001520,Prod 1520,BrandE,Bottoms,61.1
1521,SKU001521,Prod 1521,BrandH,Bottoms,41.79
1522,SKU001522,Prod 1522,BrandB,Accessories,28.48
1523,SKU001523,Prod 1523,BrandI,Shoes,17.53
1524,SKU001524,Prod 1524,BrandF,Shoes,11.29
1525,SKU001525,Prod 1525,BrandI,Bottoms,16.07
1526,SKU001526,Prod 1526,BrandB,Tops,38.6
1527,SKU001527,Prod 1527,BrandC,Tops,62.22
1528,SKU001528,Prod 1528,BrandL,Dresses,50.7
1529,SKU001529,Prod 1529,BrandH,Tops,14.98
1530,SKU001530,Prod 1530,BrandA,Shoes,10.26
1531,SKU001531,Prod 1531,BrandJ,Accessories,21.86
1532,SKU001532,Prod 1532,BrandG,Bottoms,6.95
1533,SKU001533,Prod 1533,BrandG,Outerwear,24.38
1534,SKU001534,Prod 1534,BrandA,Accessories,18.38
1535,SKU001535,Prod 1535,BrandI,Outerwear,15.19
1536,SKU001536,Prod 1536,BrandH,Accessories,7.72
1537,SKU001537,Prod 1537,BrandD,Tops,27.33
1538,SKU001538,Prod 1538,BrandJ,Shoes,14.59
1539,SKU001539,Prod 1539,BrandK,Outerwear,9.95
1540,SKU001540,Prod 1540,BrandE,Accessories,3.58
1541,SKU001541,Prod 1541,BrandB,Shoes,19.76
1542,SKU001542,Prod 1542,BrandI,Outerwear,58.17
1543,SKU001543,Prod 1543,BrandL,Bottoms,54.42
1544,SKU001544,Prod 1544,BrandL,Accessories,15.27
1545,SKU001545,Prod 1545,BrandF,Bottoms,13.99
1546,SKU001546,Prod 1546,BrandC,Tops,26.61
1547,SKU001547,Prod 1547,BrandL,Bottoms,11.03
1548,SKU001548,Prod 1548,BrandG,Bottoms,24.07
1549,SKU001549,Prod 1549,BrandI,Dresses,31.81
1550,SKU001550,Prod 1550,BrandC,Accessories,41.94
1551,SKU001551,Prod 1551,BrandB,Tops,18.91
1552,SKU001552,Prod 1552,BrandG,Bottoms,17.78
1553,SKU001553,Prod 1553,BrandG,Shoes,11.86
1554,SKU001554,Prod 1554,BrandD,Outerwear,12.23
1555,SKU001555,Prod 1555,BrandK,Bottoms,17.53
1556,SKU001556,Prod 1556,BrandI,Tops,25.04
1557,SKU001557,Prod 1557,BrandH,Bottoms,34.75
1558,SKU001558,Prod 1558,BrandA,Outerwear,12.4
1559,SKU001559,Prod 1559,BrandA,Tops,49.19
1560,SKU001560,Prod 1560,BrandE,Accessories,17.07
1561,SKU001561,Prod 1561,BrandF,Tops,19.83
1562,SKU001562,Prod 1562,BrandC,Accessories,12.83
1563,SKU001563,Prod 1563,BrandI,Tops,4.69
1564,SKU001564,Prod 1564,BrandL,Outerwear,34.14
1565,SKU001565,Prod 1565,BrandJ,Outerwear,31.25
1566,SKU001566,Prod 1566,BrandF,Tops,16.97
1567,SKU001567,Prod 1567,BrandD,Bottoms,20.91
1568,SKU001568,Prod 1568,BrandL,Outerwear,27.37
1569,SKU001569,Prod 1569,BrandG,Accessories,7.87
1570,SKU001570,Prod 1570,BrandH,Accessories,14.62
1571,SKU001571,Prod 1571,BrandI,Shoes,32.35
1572,SKU001572,Prod 1572,BrandK,Dresses,9.46
1573,SKU001573,Prod 1573,BrandF,Dresses,23.95
1574,SKU001574,Prod 1574,BrandF,Dresses,8.9
1575,SKU001575,Prod 1575,BrandH,Accessories,26.57
1576,SKU001576,Prod 1576,BrandL,Shoes,19.66
1577,SKU001577,Prod 1577,BrandE,Dresses,7.62
1578,SKU001578,Prod 1578,BrandC,Dresses,40.4
1579,SKU001579,Prod 1579,BrandL,Tops,12.93
1580,SKU001580,Prod 1580,BrandC,Tops,12.35
1581,SKU001581,Prod 1581,BrandF,Tops,22.65
1582,SKU001582,Prod 1582,BrandB,Bottoms,40.01
1583,SKU001583,Prod 1583,BrandF,Dresses,10.92
1584,SKU001584,Prod 1584,BrandF,Bottoms,20.84
1585,SKU001585,Prod 1585,BrandH,Shoes,25.98
1586,SKU001586,Prod 1586,BrandG,Accessories,30.44
1587,SKU001587,Prod 1587,BrandH,Dresses,22.33
1588,SKU001588,Prod 1588,BrandI,Accessories,16.12
1589,SKU001589,Prod 1589,BrandF,Tops,12.22
1590,SKU001590,Prod 1590,BrandC,Dresses,21.15
1591,SKU001591,Prod 1591,BrandJ,Outerwear,10.56
1592,SKU001592,Prod 1592,BrandC,Bottoms,3.48
1593,SKU001593,Prod 1593,BrandK,Bottoms,26.1
1594,SKU001594,Prod 1594,BrandL,Dresses,34.55
1595,SKU001595,Prod 1595,BrandA,Tops,4.87
1596,SKU001596,Prod 1596,BrandK,Bottoms,10.96
1597,SKU001597,Prod 1597,BrandE,Tops,29.12
1598,SKU001598,Prod 1598,BrandD,Shoes,69.03
1599,SKU001599,Prod 1599,BrandI,Accessories,20.34
1600,SKU001600,Prod 1600,BrandI,Outerwear,12.98
1601,SKU001601,Prod 1601,BrandE,Accessories,18.0
1602,SKU001602,Prod 1602,BrandJ,Accessories,45.83
1603,SKU001603,Prod 1603,BrandD,Shoes,13.63
1604,SKU001604,Prod 1604,BrandG,Bottoms,12.43
1605,SKU001605,Prod 1605,BrandF,Outerwear,15.03
1606,SKU001606,Prod 1606,BrandD,Bottoms,11.34
1607,SKU001607,Prod 1607,BrandJ,Dresses,21.62
1608,SKU001608,Prod 1608,BrandB,Accessories,53.24
1609,SKU001609,Prod 1609,BrandA,Dresses,24.38
1610,SKU001610,Prod 1610,BrandD,Tops,17.26
1611,SKU001611,Prod 1611,BrandD,Accessories,16.86
1612,SKU001612,Prod 1612,BrandA,Bottoms,7.86
1613,SKU001613,Prod 1613,BrandF,Accessories,34.12
1614,SKU001614,Prod 1614,BrandD,Tops,19.17
1615,SKU001615,Prod 1615,BrandA,Shoes,18.02
1616,SKU001616,Prod 1616,BrandA,Dresses,136.44
1617,SKU001617,Prod 1617,BrandA,Dresses,24.03
1618,SKU001618,Prod 1618,BrandH,Bottoms,12.79
1619,SKU001619,Prod 1619,BrandJ,Accessories,15.55
1620,SKU001620,Prod 1620,BrandH,Bottoms,40.01
1621,SKU001621,Prod 1621,BrandB,Shoes,21.5
1622,SKU001622,Prod 1622,BrandK,Accessories,8.47
1623,SKU001623,Prod 1623,BrandG,Accessories,34.87
1624,SKU001624,Prod 1624,BrandH,Bottoms,13.45
1625,SKU001625,Prod 1625,BrandH,Bottoms,61.8
1626,SKU001626,Prod 1626,BrandK,Tops,38.4
1627,SKU001627,Prod 1627,BrandJ,Shoes,15.36
1628,SKU001628,Prod 1628,BrandK,Tops,43.32
1629,SKU001629,Prod 1629,BrandG,Dresses,20.92
1630,SKU001630,Prod 1630,BrandE,Accessories,33.5
1631,SKU001631,Prod 1631,BrandA,Bottoms,26.87
1632,SKU001632,Prod 1632,BrandL,Accessories,12.09
1633,SKU001633,Prod 1633,BrandI,Accessories,13.65
1634,SKU001634,Prod 1634,BrandG,Outerwear,37.26
1635,SKU001635,Prod 1635,BrandB,Dresses,16.43
1636,SKU001636,Prod 1636,BrandF,Outerwear,15.77
1637,SKU001637,Prod 1637,BrandB,Accessories,11.32
1638,SKU001638,Prod 1638,BrandA,Bottoms,25.9
1639,SKU001639,Prod 1639,BrandG,Accessories,69.24
1640,SKU001640,Prod 1640,BrandB,Dresses,10.59
1641,SKU001641,Prod 1641,BrandB,Outerwear,20.38
1642,SKU001642,Prod 1642,BrandK,Bottoms,46.87
1643,SKU001643,Prod 1643,BrandE,Accessories,19.15
1644,SKU001644,Prod 1644,BrandE,Shoes,26.35
1645,SKU001645,Prod 1645,BrandG,Dresses,10.62
1646,SKU001646,Prod 1646,BrandA,Dresses,25.97
1647,SKU001647,Prod 1647,BrandH,Shoes,17.95
1648,SKU001648,Prod 1648,BrandC,Accessories,36.29
1649,SKU001649,Prod 1649,BrandD,Dresses,40.95
1650,SKU001650,Prod 1650,BrandI,Bottoms,94.99
1651,SKU001651,Prod 1651,BrandD,Accessories,28.44
1652,SKU001652,Prod 1652,BrandJ,Accessories,24.42
1653,SKU001653,Prod 1653,BrandL,Outerwear,22.57
1654,SKU001654,Prod 1654,BrandE,Dresses,16.25
1655,SKU001655,Prod 1655,BrandG,Dresses,24.61
1656,SKU001656,Prod 1656,BrandD,Shoes,16.82
1657,SKU001657,Prod 1657,BrandA,Outerwear,22.22
1658,SKU001658,Prod 1658,BrandI,Outerwear,44.28
1659,SKU001659,Prod 1659,BrandD,Dresses,10.98
1660,SKU001660,Prod 1660,BrandI,Accessories,39.8
1661,SKU001661,Prod 1661,BrandF,Outerwear,44.27
1662,SKU001662,Prod 1662,BrandA,Shoes,18.71
1663,SKU001663,Prod 1663,BrandL,Outerwear,5.62
1664,SKU001664,Prod 1664,BrandC,Shoes,13.95
1665,SKU001665,Prod 1665,BrandK,Outerwear,43.74
1666,SKU001666,Prod 1666,BrandB,Shoes,19.81
1667,SKU001667,Prod 1667,BrandI,Outerwear,11.03
1668,SKU001668,Prod 1668,BrandL,Outerwear,14.84
1669,SKU001669,Prod 1669,BrandA,Bottoms,33.26
1670,SKU001670,Prod 1670,BrandI,Shoes,27.88
1671,SKU001671,Prod 1671,BrandI,Shoes,17.4
1672,SKU001672,Prod 1672,BrandH,Shoes,16.12
1673,SKU001673,Prod 1673,BrandH,Tops,15.88
1674,SKU001674,Prod 1674,BrandK,Outerwear,11.55
1675,SKU001675,Prod 1675,BrandL,Shoes,52.94
1676,SKU001676,Prod 1676,BrandA,Dresses,16.55
1677,SKU001677,Prod 1677,BrandK,Tops,41.69
1678,SKU001678,Prod 1678,BrandH,Bottoms,50.04
1679,SKU001679,Prod 1679,BrandJ,Shoes,36.56
1680,SKU001680,Prod 1680,BrandC,Shoes,15.5
1681,SKU001681,Prod 1681,BrandK,Tops,25.59
1682,SKU001682,Prod 1682,BrandG,Outerwear,19.8
1683,SKU001683,Prod 1683,BrandK,Dresses,11.68
1684,SKU001684,Prod 1684,BrandA,Bottoms,24.4
1685,SKU001685,Prod 1685,BrandA,Shoes,9.9
1686,SKU001686,Prod 1686,BrandJ,Outerwear,40.96
1687,SKU001687,Prod 1687,BrandE,Dresses,15.2
1688,SKU001688,Prod 1688,BrandE,Dresses,22.66
1689,SKU001689,Prod 1689,BrandH,Bottoms,23.81
1690,SKU001690,Prod 1690,BrandG,Accessories,17.2
1691,SKU001691,Prod 1691,BrandH,Dresses,28.56
1692,SKU001692,Prod 1692,BrandF,Accessories,15.11
1693,SKU001693,Prod 1693,BrandF,Dresses,33.88
1694,SKU001694,Prod 1694,BrandB,Bottoms,8.96
1695,SKU001695,Prod 1695,BrandF,Tops,21.67
1696,SKU001696,Prod 1696,BrandE,Bottoms,64.29
1697,SKU001697,Prod 1697,BrandC,Bottoms,11.02
1698,SKU001698,Prod 1698,BrandF,Tops,13.37
1699,SKU001699,Prod 1699,BrandH,Tops,27.34
1700,SKU001700,Prod 1700,BrandI,Outerwear,22.37
1701,SKU001701,Prod 1701,BrandA,Dresses,24.79
1702,SKU001702,Prod 1702,BrandC,Outerwear,26.94
1703,SKU001703,Prod 1703,BrandC,Tops,29.4
1704,SKU001704,Prod 1704,BrandK,Accessories,39.09
1705,SKU001705,Prod 1705,BrandH,Accessories,25.68
1706,SKU001706,Prod 1706,BrandA,Bottoms,17.38
1707,SKU001707,Prod 1707,BrandE,Shoes,30.07
1708,SKU001708,Prod 1708,BrandC,Bottoms,62.8
1709,SKU001709,Prod 1709,BrandB,Bottoms,18.55
1710,SKU001710,Prod 1710,BrandH,Shoes,11.19
1711,SKU001711,Prod 1711,BrandC,Dresses,39.03
1712,SKU001712,Prod 1712,BrandG,Tops,18.69
1713,SKU001713,Prod 1713,BrandL,Accessories,5.45
1714,SKU001714,Prod 1714,BrandK,Bottoms,33.4
1715,SKU001715,Prod 1715,BrandA,Shoes,14.57
1716,SKU001716,Prod 1716,BrandF,Outerwear,19.02
1717,SKU001717,Prod 1717,BrandC,Bottoms,24.51
1718,SKU001718,Prod 1718,BrandH,Accessories,22.52
1719,SKU001719,Prod 1719,BrandF,Tops,30.74
1720,SKU001720,Prod 1720,BrandL,Bottoms,15.47
1721,SKU001721,Prod 1721,BrandB,Bottoms,27.33
1722,SKU001722,Prod 1722,BrandF,Dresses,17.19
1723,SKU001723,Prod 1723,BrandG,Shoes,31.29
1724,SKU001724,Prod 1724,BrandE,Outerwear,29.06
1725,SKU001725,Prod 1725,BrandC,Outerwear,11.46
1726,SKU001726,Prod 1726,BrandD,Tops,38.54
1727,SKU001727,Prod 1727,BrandD,Accessories,14.56
1728,SKU001728,Prod 1728,BrandF,Tops,32.62
1729,SKU001729,Prod 1729,BrandJ,Bottoms,25.04
1730,SKU001730,Prod 1730,BrandA,Bottoms,60.52
1731,SKU001731,Prod 1731,BrandK,Outerwear,17.57
1732,SKU001732,Prod 1732,BrandD,Accessories,16.29
1733,SKU001733,Prod 1733,BrandJ,Shoes,19.85
1734,SKU001734,Prod 1734,BrandD,Accessories,16.74
1735,SKU001735,Prod 1735,BrandJ,Bottoms,32.46
1736,SKU001736,Prod 1736,BrandA,Shoes,7.62
1737,SKU001737,Prod 1737,BrandI,Accessories,10.67
1738,SKU001738,Prod 1738,BrandD,Accessories,10.58
1739,SKU001739,Prod 1739,BrandG,Shoes,35.52
1740,SKU001740,Prod 1740,BrandL,Bottoms,56.06
1741,SKU001741,Prod 1741,BrandC,Accessories,18.87
1742,SKU001742,Prod 1742,BrandJ,Shoes,18.15
1743,SKU001743,Prod 1743,BrandL,Dresses,20.95
1744,SKU001744,Prod 1744,BrandC,Dresses,40.33
1745,SKU001745,Prod 1745,BrandH,Bottoms,11.51
1746,SKU001746,Prod 1746,BrandH,Shoes,23.17
1747,SKU001747,Prod 1747,BrandK,Dresses,36.06
1748,SKU001748,Prod 1748,BrandL,Shoes,27.13
1749,SKU001749,Prod 1749,BrandA,Accessories,22.51
1750,SKU001750,Prod 1750,BrandJ,Bottoms,36.62
1751,SKU001751,Prod 1751,BrandB,Dresses,3.97
1752,SKU001752,Prod 1752,BrandH,Accessories,30.17
1753,SKU001753,Prod 1753,BrandA,Tops,13.57
1754,SKU001754,Prod 1754,BrandL,Tops,6.7
1755,SKU001755,Prod 1755,BrandH,Bottoms,27.3
1756,SKU001756,Prod 1756,BrandH,Dresses,45.8
1757,SKU001757,Prod 1757,BrandB,Dresses,18.5
1758,SKU001758,Prod 1758,BrandD,Dresses,35.58
1759,SKU001759,Prod 1759,BrandF,Shoes,52.85
1760,SKU001760,Prod 1760,BrandL,Accessories,44.21
1761,SKU001761,Prod 1761,BrandK,Dresses,53.73
1762,SKU001762,Prod 1762,BrandI,Accessories,31.35
1763,SKU001763,Prod 1763,BrandH,Bottoms,21.02
1764,SKU001764,Prod 1764,BrandL,Dresses,7.68
1765,SKU001765,Prod 1765,BrandH,Bottoms,17.33
1766,SKU001766,Prod 1766,BrandG,Dresses,12.11
1767,SKU001767,Prod 1767,BrandI,Tops,73.89
1768,SKU001768,Prod 1768,BrandB,Outerwear,18.07
1769,SKU001769,Prod 1769,BrandC,Bottoms,21.63
1770,SKU001770,Prod 1770,BrandJ,Dresses,27.96
1771,SKU001771,Prod 1771,BrandH,Outerwear,20.62
1772,SKU001772,Prod 1772,BrandF,Bottoms,55.54
1773,SKU001773,Prod 1773,BrandJ,Shoes,13.82
1774,SKU001774,Prod 1774,BrandI,Dresses,22.57
1775,SKU001775,Prod 1775,BrandJ,Shoes,12.87
1776,SKU001776,Prod 1776,BrandD,Tops,9.1
1777,SKU001777,Prod 1777,BrandH,Dresses,13.91
1778,SKU001778,Prod 1778,BrandJ,Tops,19.64
1779,SKU001779,Prod 1779,BrandC,Outerwear,15.52
1780,SKU001780,Prod 1780,BrandC,Bottoms,13.26
1781,SKU001781,Prod 1781,BrandH,Accessories,8.64
1782,SKU001782,Prod 1782,BrandE,Tops,19.11
1783,SKU001783,Prod 1783,BrandC,Accessories,8.14
1784,SKU001784,Prod 1784,BrandJ,Accessories,31.69
1785,SKU001785,Prod 1785,BrandK,Bottoms,21.1
1786,SKU001786,Prod 1786,BrandA,Outerwear,8.38
1787,SKU001787,Prod 1787,BrandC,Bottoms,16.68
1788,SKU001788,Prod 1788,BrandL,Dresses,12.79
1789,SKU001789,Prod 1789,BrandI,Tops,24.33
1790,SKU001790,Prod 1790,BrandE,Accessories,44.89
1791,SKU001791,Prod 1791,BrandL,Bottoms,6.52
1792,SKU001792,Prod 1792,BrandJ,Bottoms,21.52
1793,SKU001793,Prod 1793,BrandB,Bottoms,18.25
1794,SKU001794,Prod 1794,BrandG,Tops,30.05
1795,SKU001795,Prod 1795,BrandB,Outerwear,22.83
1796,SKU001796,Prod 1796,BrandD,Bottoms,12.79
1797,SKU001797,Prod 1797,BrandL,Tops,16.59
1798,SKU001798,Prod 1798,BrandG,Accessories,12.46
1799,SKU001799,Prod 1799,BrandD,Dresses,38.31
1800,SKU001800,Prod 1800,BrandG,Shoes,20.34
1801,SKU001801,Prod 1801,BrandG,Tops,62.85
1802,SKU001802,Prod 1802,BrandA,Shoes,19.37
1803,SKU001803,Prod 1803,BrandF,Bottoms,13.13
1804,SKU001804,Prod 1804,BrandI,Bottoms,8.1
1805,SKU001805,Prod 1805,BrandB,Tops,6.81
1806,SKU001806,Prod 1806,BrandC,Shoes,7.76
1807,SKU001807,Prod 1807,BrandJ,Bottoms,23.58
1808,SKU001808,Prod 1808,BrandE,Accessories,27.25
1809,SKU001809,Prod 1809,BrandI,Outerwear,7.78
1810,SKU001810,Prod 1810,BrandD,Outerwear,34.36
1811,SKU001811,Prod 1811,BrandA,Bottoms,15.03
1812,SKU001812,Prod 1812,BrandD,Shoes,21.93
1813,SKU001813,Prod 1813,BrandF,Dresses,52.84
1814,SKU001814,Prod 1814,BrandE,Bottoms,34.4
1815,SKU001815,Prod 1815,BrandA,Dresses,17.1
1816,SKU001816,Prod 1816,BrandD,Dresses,11.77
1817,SKU001817,Prod 1817,BrandF,Shoes,5.52
1818,SKU001818,Prod 1818,BrandJ,Dresses,13.05
1819,SKU001819,Prod 1819,BrandJ,Accessories,17.7
1820,SKU001820,Prod 1820,BrandD,Shoes,11.11
1821,SKU001821,Prod 1821,BrandI,Bottoms,18.56
1822,SKU001822,Prod 1822,BrandE,Accessories,21.03
1823,SKU001823,Prod 1823,BrandH,Tops,17.55
1824,SKU001824,Prod 1824,BrandI,Outerwear,13.6
1825,SKU001825,Prod 1825,BrandJ,Bottoms,22.22
1826,SKU001826,Prod 1826,BrandE,Bottoms,26.18
1827,SKU001827,Prod 1827,BrandF,Bottoms,10.44
1828,SKU001828,Prod 1828,BrandA,Accessories,46.83
1829,SKU001829,Prod 1829,BrandK,Tops,18.93
1830,SKU001830,Prod 1830,BrandL,Shoes,20.31
1831,SKU001831,Prod 1831,BrandG,Tops,30.72
1832,SKU001832,Prod 1832,BrandD,Accessories,23.1
1833,SKU001833,Prod 1833,BrandK,Bottoms,35.58
1834,SKU001834,Prod 1834,BrandB,Outerwear,23.86
1835,SKU001835,Prod 1835,BrandE,Bottoms,13.91
1836,SKU001836,Prod 1836,BrandL,Shoes,24.95
1837,SKU001837,Prod 1837,BrandC,Dresses,10.11
1838,SKU001838,Prod 1838,BrandF,Outerwear,21.44
1839,SKU001839,Prod 1839,BrandH,Bottoms,19.69
1840,SKU001840,Prod 1840,BrandG,Outerwear,17.73
1841,SKU001841,Prod 1841,BrandC,Dresses,18.59
1842,SKU001842,Prod 1842,BrandH,Tops,6.49
1843,SKU001843,Prod 1843,BrandB,Accessories,14.45
1844,SKU001844,Prod 1844,BrandJ,Bottoms,21.24
1845,SKU001845,Prod 1845,BrandI,Shoes,22.11
1846,SKU001846,Prod 1846,BrandD,Tops,10.84
1847,SKU001847,Prod 1847,BrandA,Bottoms,42.92
1848,SKU001848,Prod 1848,BrandH,Tops,11.94
1849,SKU001849,Prod 1849,BrandG,Shoes,35.93
1850,SKU001850,Prod 1850,BrandK,Bottoms,25.95
1851,SKU001851,Prod 1851,BrandE,Dresses,13.63
1852,SKU001852,Prod 1852,BrandJ,Dresses,58.28
1853,SKU001853,Prod 1853,BrandE,Shoes,9.81
1854,SKU001854,Prod 1854,BrandG,Outerwear,34.87
1855,SKU001855,Prod 1855,BrandE,Shoes,36.61
1856,SKU001856,Prod 1856,BrandH,Outerwear,13.43
1857,SKU001857,Prod 1857,BrandK,Bottoms,46.32
1858,SKU001858,Prod 1858,BrandF,Outerwear,17.29
1859,SKU001859,Prod 1859,BrandE,Bottoms,23.88
1860,SKU001860,Prod 1860,BrandI,Bottoms,23.48
1861,SKU001861,Prod 1861,BrandK,Accessories,18.53
1862,SKU001862,Prod 1862,BrandB,Bottoms,32.67
1863,SKU001863,Prod 1863,BrandA,Outerwear,32.33
1864,SKU001864,Prod 1864,BrandH,Accessories,7.03
1865,SKU001865,Prod 1865,BrandL,Accessories,43.93
1866,SKU001866,Prod 1866,BrandC,Bottoms,7.41
1867,SKU001867,Prod 1867,BrandK,Shoes,37.32
1868,SKU001868,Prod 1868,BrandL,Shoes,39.49
1869,SKU001869,Prod 1869,BrandL,Dresses,10.44
1870,SKU001870,Prod 1870,BrandL,Accessories,15.7
1871,SKU001871,Prod 1871,BrandG,Bottoms,10.35
1872,SKU001872,Prod 1872,BrandJ,Shoes,17.66
1873,SKU001873,Prod 1873,BrandK,Bottoms,16.7
1874,SKU001874,Prod 1874,BrandH,Bottoms,32.07
1875,SKU001875,Prod 1875,BrandF,Accessories,44.09
1876,SKU001876,Prod 1876,BrandL,Dresses,46.41
1877,SKU001877,Prod 1877,BrandJ,Accessories,14.33
1878,SKU001878,Prod 1878,BrandI,Tops,17.72
1879,SKU001879,Prod 1879,BrandG,Shoes,7.32
1880,SKU001880,Prod 1880,BrandJ,Shoes,12.38
1881,SKU001881,Prod 1881,BrandE,Shoes,35.83
1882,SKU001882,Prod 1882,BrandH,Outerwear,52.95
1883,SKU001883,Prod 1883,BrandB,Bottoms,9.58
1884,SKU001884,Prod 1884,BrandG,Accessories,14.08
1885,SKU001885,Prod 1885,BrandD,Shoes,19.77
1886,SKU001886,Prod 1886,BrandI,Tops,23.76
1887,SKU001887,Prod 1887,BrandL,Shoes,12.36
1888,SKU001888,Prod 1888,BrandA,Dresses,25.91
1889,SKU001889,Prod 1889,BrandG,Bottoms,15.12
1890,SKU001890,Prod 1890,BrandF,Bottoms,19.91
1891,SKU001891,Prod 1891,BrandH,Accessories,27.88
1892,SKU001892,Prod 1892,BrandE,Outerwear,20.16
1893,SKU001893,Prod 1893,BrandA,Accessories,15.46
1894,SKU001894,Prod 1894,BrandA,Shoes,18.81
1895,SKU001895,Prod 1895,BrandI,Dresses,19.05
1896,SKU001896,Prod 1896,BrandJ,Tops,16.09
1897,SKU001897,Prod 1897,BrandF,Accessories,17.2
1898,SKU001898,Prod 1898,BrandJ,Outerwear,52.41
1899,SKU001899,Prod 1899,BrandE,Accessories,28.12
1900,SKU001900,Prod 1900,BrandA,Bottoms,16.82
1901,SKU001901,Prod 1901,BrandF,Shoes,30.51
1902,SKU001902,Prod 1902,BrandF,Shoes,16.44
1903,SKU001903,Prod 1903,BrandC,Shoes,40.6
1904,SKU001904,Prod 1904,BrandH,Shoes,25.07
1905,SKU001905,Prod 1905,BrandA,Shoes,18.83
1906,SKU001906,Prod 1906,BrandA,Shoes,26.28
1907,SKU001907,Prod 1907,BrandF,Tops,7.83
1908,SKU001908,Prod 1908,BrandJ,Outerwear,10.22
1909,SKU001909,Prod 1909,BrandA,Shoes,9.81
1910,SKU001910,Prod 1910,BrandF,Outerwear,21.88
1911,SKU001911,Prod 1911,BrandA,Dresses,56.8
1912,SKU001912,Prod 1912,BrandF,Shoes,76.61
1913,SKU001913,Prod 1913,BrandC,Accessories,29.45
1914,SKU001914,Prod 1914,BrandH,Shoes,27.13
1915,SKU001915,Prod 1915,BrandF,Bottoms,6.82
1916,SKU001916,Prod 1916,BrandK,Tops,14.5
1917,SKU001917,Prod 1917,BrandA,Accessories,12.52
1918,SKU001918,Prod 1918,BrandE,Accessories,13.84
1919,SKU001919,Prod 1919,BrandH,Bottoms,18.16
1920,SKU001920,Prod 1920,BrandC,Shoes,15.13
1921,SKU001921,Prod 1921,BrandL,Tops,6.13
1922,SKU001922,Prod 1922,BrandF,Accessories,31.46
1923,SKU001923,Prod 1923,BrandE,Tops,10.55
1924,SKU001924,Prod 1924,BrandF,Accessories,23.19
1925,SKU001925,Prod 1925,BrandJ,Shoes,69.72
1926,SKU001926,Prod 1926,BrandA,Dresses,11.57
1927,SKU001927,Prod 1927,BrandG,Accessories,4.4
1928,SKU001928,Prod 1928,BrandI,Dresses,16.92
1929,SKU001929,Prod 1929,BrandB,Accessories,38.88
1930,SKU001930,Prod 1930,BrandJ,Outerwear,65.04
1931,SKU001931,Prod 1931,BrandE,Shoes,9.6
1932,SKU001932,Prod 1932,BrandJ,Bottoms,27.06
1933,SKU001933,Prod 1933,BrandD,Dresses,15.19
1934,SKU001934,Prod 1934,BrandF,Bottoms,18.85
1935,SKU001935,Prod 1935,BrandF,Shoes,98.16
1936,SKU001936,Prod 1936,BrandK,Bottoms,8.15
1937,SKU001937,Prod 1937,BrandB,Shoes,23.39
1938,SKU001938,Prod 1938,BrandB,Bottoms,26.59
1939,SKU001939,Prod 1939,BrandD,Dresses,38.53
1940,SKU001940,Prod 1940,BrandA,Outerwear,21.3
1941,SKU001941,Prod 1941,BrandI,Bottoms,24.16
1942,SKU001942,Prod 1942,BrandG,Dresses,15.88
1943,SKU001943,Prod 1943,BrandL,Accessories,23.61
1944,SKU001944,Prod 1944,BrandG,Shoes,16.35
1945,SKU001945,Prod 1945,BrandC,Tops,29.16
1946,SKU001946,Prod 1946,BrandK,Tops,16.09
1947,SKU001947,Prod 1947,BrandL,Shoes,25.19
1948,SKU001948,Prod 1948,BrandC,Outerwear,19.74
1949,SKU001949,Prod 1949,BrandA,Bottoms,39.47
1950,SKU001950,Prod 1950,BrandC,Outerwear,19.48
1951,SKU001951,Prod 1951,BrandC,Tops,6.93
1952,SKU001952,Prod 1952,BrandD,Dresses,42.83
1953,SKU001953,Prod 1953,BrandD,Shoes,11.66
1954,SKU001954,Prod 1954,BrandC,Shoes,13.57
1955,SKU001955,Prod 1955,BrandJ,Outerwear,14.05
1956,SKU001956,Prod 1956,BrandL,Dresses,45.82
1957,SKU001957,Prod 1957,BrandH,Outerwear,5.58
1958,SKU001958,Prod 1958,BrandH,Bottoms,131.98
1959,SKU001959,Prod 1959,BrandA,Accessories,37.85
1960,SKU001960,Prod 1960,BrandG,Dresses,22.96
1961,SKU001961,Prod 1961,BrandK,Accessories,19.43
1962,SKU001962,Prod 1962,BrandB,Bottoms,23.84
1963,SKU001963,Prod 1963,BrandA,Accessories,27.46
1964,SKU001964,Prod 1964,BrandC,Tops,29.58
1965,SKU001965,Prod 1965,BrandD,Accessories,28.03
1966,SKU001966,Prod 1966,BrandF,Bottoms,21.19
1967,SKU001967,Prod 1967,BrandJ,Accessories,17.84
1968,SKU001968,Prod 1968,BrandE,Shoes,18.34
1969,SKU001969,Prod 1969,BrandD,Outerwear,17.87
1970,SKU001970,Prod 1970,BrandH,Tops,39.66
1971,SKU001971,Prod 1971,BrandK,Shoes,28.68
1972,SKU001972,Prod 1972,BrandL,Shoes,3.44
1973,SKU001973,Prod 1973,BrandD,Bottoms,29.77
1974,SKU001974,Prod 1974,BrandJ,Outerwear,22.57
1975,SKU001975,Prod 1975,BrandL,Outerwear,19.86
1976,SKU001976,Prod 1976,BrandB,Dresses,15.91
1977,SKU001977,Prod 1977,BrandC,Tops,39.43
1978,SKU001978,Prod 1978,BrandF,Bottoms,35.46
1979,SKU001979,Prod 1979,BrandH,Tops,12.63
1980,SKU001980,Prod 1980,BrandH,Dresses,25.64
1981,SKU001981,Prod 1981,BrandK,Accessories,11.21
1982,SKU001982,Prod 1982,BrandI,Shoes,8.78
1983,SKU001983,Prod 1983,BrandG,Tops,13.79
1984,SKU001984,Prod 1984,BrandB,Shoes,33.7
1985,SKU001985,Prod 1985,BrandH,Bottoms,35.58
1986,SKU001986,Prod 1986,BrandG,Accessories,27.33
1987,SKU001987,Prod 1987,BrandH,Bottoms,31.03
1988,SKU001988,Prod 1988,BrandL,Accessories,27.38
1989,SKU001989,Prod 1989,BrandC,Accessories,13.67
1990,SKU001990,Prod 1990,BrandG,Shoes,26.03
1991,SKU001991,Prod 1991,BrandJ,Bottoms,32.47
1992,SKU001992,Prod 1992,BrandI,Bottoms,31.58
1993,SKU001993,Prod 1993,BrandC,Tops,40.99
1994,SKU001994,Prod 1994,BrandJ,Bottoms,30.72
1995,SKU001995,Prod 1995,BrandF,Tops,24.8
1996,SKU001996,Prod 1996,BrandB,Outerwear,38.17
1997,SKU001997,Prod 1997,BrandB,Outerwear,19.77
1998,SKU001998,Prod 1998,BrandE,Outerwear,11.83
1999,SKU001999,Prod 1999,BrandE,Dresses,18.21
2000,SKU002000,Prod 2000,BrandG,Bottoms,12.85
